Fitness,all
0, 0
0, 0
0, 0
0, 0
0, 0
0, 0
0, 0
0, 0
0, 0
0, 0
0, 0
0, 0
0, 0
0, 0
0, 0
0, 0
0, 0
0, 0
0, 0
0, 0
0, 0
0, 0
0, 0
0, 0
0, 0
0, 0
0, 0
0, 0
0, 0
0, 0
0, 0
0, 0
0, 0
0, 0
0, 0
0, 0
0, 0
0, 0
0, 0
0, 0
0, 0
0, 0
0, 0
0, 0
0, 0
0, 0
0, 0
0, 0
0, 0
0, 0
0, 0
0, 0
0, 0
0, 0
0, 0
0, 0
0, 0
0, 0
0, 0
0, 0
0, 0
0, 0
0, 0
0, 0
0, 0
0, 0
0, 0
0, 0
0, 0
0, 0
0, 0
0, 0
0, 0
0, 0
0, 0
0, 0
0, 0
0, 0
0, 0
0, 0
0, 0
0, 0
0, 0
0, 0
0, 0
0, 0
0, 0
0, 0
0, 0
0, 0
0, 0
0, 0
0, 0
0, 0
0, 0
0, 0
0, 0
0, 0
0, 0
0, 0
0, 0
0, 0
0, 0
0, 0
0, 0
0, 0
0, 0
0, 0
0, 0
0, 0
0, 0
0, 0
0, 0
0, 0
1, 1
0, 0
0, 0
0, 0
0, 0
0, 0
0, 0
0, 0
0, 0
0, 0
0, 0
0, 0
0, 0
0, 0
0, 0
0, 0
0, 0
0, 0
0, 0
0, 0
0, 0
0, 0
0, 0
0, 0
0, 0
0, 0
0, 0
0, 0
0, 0
0, 0
0, 0
0, 0
0, 0
0, 0
0, 0
0, 0
0, 0
0, 0
0, 0
0, 0
0, 0
0, 0
0, 0
0, 0
0, 0
0, 0
0, 0
0, 0
0, 0
0, 0
0, 0
0, 0
0, 0
0, 0
0, 0
0, 0
0, 0
0, 0
0, 0
0, 0
0, 0
0, 0
0, 0
0, 0
0, 0
0, 0
0, 0
0, 0
0, 0
0, 0
0.5, 0.5
0, 0
0, 0
0, 0
0, 0
0, 0
0, 0
0, 0
0, 0
0, 0
0, 0
0, 0
0, 0
0, 0
0, 0
0, 0
1, 1
0.5, 0.5
1, 1
1, 1
1, 1
1, 1
0.5, 0.5
0, 0
1, 1
0.5, 0.5
0.5, 0.5
-0.3333333, -0.3333333
0.5, 0.5
1, 1
1, 1
1, 1
1, 1
1, 1
0.5, 0.5
0.5, 0.5
0, 0
0.3333333, 0.3333333
0.5, 0.5
0, 0
1, 1
1, 1
0, 0
-0.5, -0.5
0, 0
1, 1
0.5, 0.5
1, 1
0.5, 0.5
1, 1
1, 1
0.5, 0.5
1, 1
1, 1
0, 0
0.3333333, 0.3333333
1, 1
1, 1
0.5, 0.5
0, 0
1, 1
1, 1
1, 1
1, 1
0.3333333, 0.3333333
0, 0
1, 1
0.5, 0.5
1, 1
0.5, 0.5
0.5, 0.5
1, 1
0.5, 0.5
0, 0
1, 1
1, 1
0.5, 0.5
0.5, 0.5
1, 1
1, 1
1, 1
1, 1
0.5, 0.5
1, 1
0, 0
0.3333333, 0.3333333
1, 1
1, 1
1, 1
0.5, 0.5
0, 0
0, 0
1, 1
1, 1
1, 1
0.5, 0.5
1, 1
0.5, 0.5
0.3333333, 0.3333333
0, 0
1, 1
0.5, 0.5
0.5, 0.5
1, 1
0.5, 0.5
1, 1
0.5, 0.5
0, 0
1, 1
0, 0
1, 1
0, 0
0.3333333, 0.3333333
0, 0
0.5, 0.5
0.5, 0.5
1, 1
1, 1
0.5, 0.5
1, 1
1, 1
1, 1
1, 1
1, 1
1, 1
1, 1
1, 1
0.3333333, 0.3333333
0.5, 0.5
0.5, 0.5
1, 1
1, 1
1, 1
1, 1
1, 1
1, 1
1, 1
1, 1
1, 1
1, 1
0.6666667, 0.6666667
1, 1
1, 1
1, 1
1, 1
1, 1
1, 1
1, 1
1, 1
1, 1
0.5, 0.5
0.5, 0.5
1, 1
1, 1
1, 1
0.3333333, 0.3333333
1, 1
1, 1
0.5, 0.5
1, 1
1, 1
0.5, 0.5
0.5, 0.5
0.5, 0.5
1, 1
1, 1
1, 1
1, 1
1, 1
1, 1
0.5, 0.5
0.5, 0.5
1, 1
1, 1
-0.2, -0.2
1, 1
0.5, 0.5
0.5, 0.5
1, 1
0.5, 0.5
1, 1
0, 0
1, 1
1, 1
1, 1
1, 1
1, 1
1, 1
0.3333334, 0.3333334
1, 1
0.3333334, 0.3333334
0.5, 0.5
1, 1
0.3333334, 0.3333334
1, 1
1, 1
1, 1
1, 1
1, 1
1, 1
0.5, 0.5
1, 1
1, 1
0.75, 0.75
0, 0
0.5, 0.5
1, 1
1, 1
0.5, 0.5
0, 0
1, 1
1, 1
1, 1
0.5, 0.5
1, 1
1, 1
0.6666667, 0.6666667
0.75, 0.75
1, 1
1, 1
0, 0
1, 1
1, 1
0.3333334, 0.3333334
1, 1
1, 1
1, 1
1, 1
0.3333333, 0.3333333
0, 0
1, 1
1, 1
1, 1
0.3333333, 0.3333333
1, 1
0.5, 0.5
0, 0
1, 1
1, 1
1, 1
1, 1
1, 1
1, 1
1, 1
1, 1
0.3333333, 0.3333333
1, 1
1, 1
0.5, 0.5
0, 0
0.5, 0.5
0, 0
1, 1
1, 1
1, 1
1, 1
1, 1
1, 1
1, 1
1, 1
1, 1
1, 1
0.5, 0.5
0.5, 0.5
0.3333333, 0.3333333
0, 0
0.5, 0.5
1, 1
0, 0
0.5, 0.5
1, 1
1, 1
1, 1
1, 1
0.3333334, 0.3333334
1, 1
1, 1
1, 1
1, 1
1, 1
1, 1
0.5, 0.5
1, 1
1, 1
1, 1
1, 1
0.6666667, 0.6666667
0, 0
0.5, 0.5
0.5, 0.5
1, 1
1, 1
1, 1
1, 1
-0.3333333, -0.3333333
1, 1
1, 1
0.5, 0.5
1, 1
0.5, 0.5
1, 1
1, 1
1, 1
1, 1
1, 1
0, 0
1, 1
1, 1
1, 1
1, 1
0.3333333, 0.3333333
0.25, 0.25
0, 0
1, 1
1, 1
0.75, 0.75
1, 1
0.5, 0.5
1, 1
1, 1
1, 1
1, 1
0, 0
0.5, 0.5
1, 1
1, 1
1, 1
-0.3333333, -0.3333333
1, 1
1, 1
1, 1
1, 1
0.3333333, 0.3333333
1, 1
1, 1
1, 1
1, 1
1, 1
1, 1
0.3333333, 0.3333333
1, 1
1, 1
1, 1
0.3333333, 0.3333333
1, 1
1, 1
1, 1
1, 1
1, 1
1, 1
1, 1
1, 1
1, 1
1, 1
1, 1
0, 0
1, 1
1, 1
1, 1
0.5, 0.5
1, 1
1, 1
1, 1
1, 1
1, 1
0, 0
0.25, 0.25
1, 1
-0.5, -0.5
0.3333333, 0.3333333
1, 1
1, 1
1, 1
1, 1
1, 1
1, 1
1, 1
1, 1
-0.3333333, -0.3333333
1, 1
0.1666667, 0.1666667
1, 1
1, 1
1, 1
1, 1
1, 1
1, 1
1, 1
1, 1
1, 1
1, 1
1, 1
1, 1
1, 1
0.5, 0.5
0.5, 0.5
0.5, 0.5
1, 1
0.5, 0.5
1, 1
1, 1
0.5, 0.5
1, 1
1, 1
1, 1
1, 1
0.3333333, 0.3333333
1, 1
0.5, 0.5
0.6666667, 0.6666667
0.6666667, 0.6666667
0.5, 0.5
1, 1
1, 1
1, 1
1, 1
1, 1
1, 1
1, 1
0.3333333, 0.3333333
1, 1
1, 1
1, 1
1, 1
0.5, 0.5
1, 1
1, 1
1, 1
0.5, 0.5
-0.3333333, -0.3333333
1, 1
1, 1
1, 1
1, 1
1, 1
1, 1
1, 1
1, 1
1, 1
1, 1
1, 1
1, 1
1, 1
1, 1
1, 1
1, 1
0.6666667, 0.6666667
1, 1
1, 1
1, 1
0.5, 0.5
1, 1
1, 1
1, 1
1, 1
1, 1
0.6666667, 0.6666667
0.3333333, 0.3333333
1, 1
1, 1
1, 1
1, 1
0.5, 0.5
0.1666667, 0.1666667
1, 1
1, 1
1, 1
0.5, 0.5
1, 1
1, 1
1, 1
1, 1
1, 1
1, 1
1, 1
1, 1
0, 0
1, 1
1, 1
1, 1
1, 1
1, 1
0, 0
1, 1
1, 1
1, 1
1, 1
1, 1
1, 1
1, 1
1, 1
0, 0
1, 1
1, 1
1, 1
1, 1
1, 1
1, 1
1, 1
1, 1
1, 1
1, 1
1, 1
1, 1
1, 1
1, 1
1, 1
1, 1
1, 1
1, 1
1, 1
1, 1
1, 1
1, 1
1, 1
1, 1
1, 1
1, 1
1, 1
1, 1
0.5, 0.5
1, 1
1, 1
1, 1
-0.1, -0.1
1, 1
1, 1
1, 1
0.3333333, 0.3333333
1, 1
1, 1
-0.2, -0.2
1, 1
1, 1
1, 1
1, 1
1, 1
1, 1
1, 1
1, 1
1, 1
1, 1
0.5, 0.5
1, 1
1, 1
1, 1
-0.3333333, -0.3333333
0.3333333, 0.3333333
1, 1
1, 1
1, 1
1, 1
1, 1
1, 1
1, 1
0, 0
0.3333334, 0.3333334
1, 1
1, 1
1, 1
1, 1
1, 1
1, 1
1, 1
1, 1
1, 1
1, 1
1, 1
1, 1
1, 1
1, 1
1, 1
1, 1
1, 1
1, 1
1, 1
1, 1
1, 1
1, 1
1, 1
1, 1
1, 1
1, 1
1, 1
1, 1
1, 1
0.6666667, 0.6666667
0.3333333, 0.3333333
1, 1
1, 1
1, 1
1, 1
1, 1
1, 1
0.5, 0.5
1, 1
0.7333333, 0.7333333
1, 1
1, 1
1, 1
1, 1
1, 1
1, 1
1, 1
1, 1
1, 1
1, 1
1, 1
1, 1
1, 1
0.5, 0.5
1, 1
1, 1
1, 1
1, 1
1, 1
1, 1
1, 1
0.5, 0.5
0.5, 0.5
1, 1
1, 1
1, 1
1, 1
1, 1
1, 1
1, 1
1, 1
1, 1
1, 1
0.5, 0.5
1, 1
1, 1
1, 1
0, 0
1, 1
0, 0
1, 1
-0.6, -0.6
1, 1
0.6666667, 0.6666667
0.6666667, 0.6666667
1, 1
1, 1
1, 1
1, 1
1, 1
1, 1
0, 0
1, 1
0, 0
1, 1
1, 1
1, 1
1, 1
1, 1
1, 1
0.6666667, 0.6666667
1, 1
1, 1
1, 1
1, 1
1, 1
1, 1
1, 1
1, 1
1, 1
1, 1
1, 1
1, 1
0.6, 0.6
0, 0
1, 1
1, 1
1, 1
1, 1
1, 1
1, 1
1, 1
1, 1
1, 1
-0.3333333, -0.3333333
1, 1
1, 1
1, 1
1, 1
1, 1
1, 1
1, 1
1, 1
1, 1
1, 1
0, 0
0, 0
1, 1
1, 1
1, 1
1, 1
1, 1
-0.6666666, -0.6666666
1, 1
1, 1
1, 1
1, 1
1, 1
1, 1
0, 0
1, 1
1, 1
1, 1
-0.3333333, -0.3333333
1, 1
1, 1
1, 1
0.5, 0.5
1, 1
1, 1
1, 1
0.5, 0.5
1, 1
1, 1
1, 1
1, 1
1, 1
1, 1
1, 1
1, 1
0.5, 0.5
1, 1
1, 1
1, 1
0.5, 0.5
0, 0
1, 1
1, 1
-0.5, -0.5
1, 1
1, 1
1, 1
1, 1
1, 1
-0.2, -0.2
1, 1
1, 1
1, 1
1, 1
1, 1
1, 1
0.6666667, 0.6666667
1, 1
1, 1
1, 1
0, 0
1, 1
1, 1
1, 1
1, 1
1, 1
1, 1
0.3333333, 0.3333333
1, 1
1, 1
1, 1
1, 1
1, 1
1, 1
1, 1
1, 1
1, 1
1, 1
1, 1
1, 1
1, 1
1, 1
1, 1
1, 1
1, 1
1, 1
1, 1
1, 1
0.1666667, 0.1666667
1, 1
1, 1
0, 0
1, 1
1, 1
1, 1
1, 1
1, 1
1, 1
1, 1
1, 1
1, 1
1, 1
1, 1
1, 1
1, 1
0, 0
0, 0
1, 1
1, 1
1, 1
1, 1
0.25, 0.25
1, 1
1, 1
1, 1
1, 1
1, 1
0.6666667, 0.6666667
1, 1
1, 1
1, 1
1, 1
1, 1
0.5, 0.5
1, 1
-0.6, -0.6
-0.6666666, -0.6666666
1, 1
1, 1
1, 1
1, 1
1, 1
0.6666667, 0.6666667
1, 1
1, 1
1, 1
1, 1
1, 1
1, 1
1, 1
1, 1
1, 1
1, 1
0.3333334, 0.3333334
1, 1
1, 1
1, 1
1, 1
1, 1
1, 1
1, 1
1, 1
0.5, 0.5
0.6666667, 0.6666667
1, 1
0.6666667, 0.6666667
0.5, 0.5
0.5, 0.5
1, 1
1, 1
1, 1
1, 1
1, 1
1, 1
-0.2, -0.2
1, 1
1, 1
1, 1
1, 1
-0.5, -0.5
1, 1
1, 1
1, 1
1, 1
1, 1
1, 1
1, 1
1, 1
1, 1
1, 1
1, 1
1, 1
1, 1
1, 1
1, 1
1, 1
0.25, 0.25
1, 1
0.5, 0.5
1, 1
1, 1
0.6666667, 0.6666667
1, 1
1, 1
1, 1
1, 1
1, 1
1, 1
1, 1
1, 1
0, 0
0.5, 0.5
1, 1
1, 1
1, 1
0.75, 0.75
1, 1
1, 1
1, 1
1, 1
1, 1
1, 1
1, 1
1, 1
1, 1
1, 1
1, 1
1, 1
1, 1
1, 1
1, 1
1, 1
1, 1
1, 1
1, 1
1, 1
1, 1
1, 1
1, 1
0, 0
1, 1
1, 1
1, 1
1, 1
1, 1
1, 1
1, 1
1, 1
1, 1
1, 1
1, 1
1, 1
1, 1
0.1666667, 0.1666667
1, 1
1, 1
1, 1
1, 1
1, 1
1, 1
1, 1
1, 1
1, 1
0.6666667, 0.6666667
1, 1
1, 1
0.3333333, 0.3333333
1, 1
0.6666667, 0.6666667
0, 0
1, 1
1, 1
1, 1
1, 1
1, 1
1, 1
1, 1
0.2, 0.2
1, 1
1, 1
0.5, 0.5
1, 1
0.6666667, 0.6666667
0.3333334, 0.3333334
1, 1
0, 0
1, 1
1, 1
0, 0
0.6666667, 0.6666667
1, 1
1, 1
1, 1
0.1666667, 0.1666667
1, 1
1, 1
0.75, 0.75
1, 1
1, 1
1, 1
1, 1
1, 1
1, 1
1, 1
1, 1
1, 1
1, 1
0.5, 0.5
1, 1
-0.5, -0.5
1, 1
1, 1
1, 1
0.3333333, 0.3333333
1, 1
0.5, 0.5
1, 1
1, 1
1, 1
1, 1
1, 1
1, 1
1, 1
1, 1
1, 1
1, 1
1, 1
1, 1
1, 1
0, 0
1, 1
1, 1
1, 1
1, 1
1, 1
1, 1
1, 1
1, 1
1, 1
1, 1
1, 1
1, 1
1, 1
1, 1
1, 1
1, 1
0.6666667, 0.6666667
1, 1
1, 1
1, 1
0.1666667, 0.1666667
1, 1
1, 1
1, 1
1, 1
1, 1
1, 1
0.5, 0.5
1, 1
1, 1
1, 1
1, 1
1, 1
1, 1
1, 1
1, 1
1, 1
1, 1
1, 1
1, 1
1, 1
1, 1
1, 1
1, 1
1, 1
1, 1
1, 1
0.5, 0.5
1, 1
1, 1
1, 1
1, 1
1, 1
1, 1
1, 1
1, 1
1, 1
1, 1
1, 1
1, 1
0.5, 0.5
1, 1
1, 1
1, 1
1, 1
1, 1
1, 1
1, 1
1, 1
1, 1
1, 1
1, 1
1, 1
1, 1
1, 1
1, 1
1, 1
1, 1
1, 1
0.5, 0.5
1, 1
1, 1
1, 1
1, 1
0.5, 0.5
0.3333334, 0.3333334
1, 1
1, 1
1, 1
1, 1
0.3333333, 0.3333333
1, 1
0.4166667, 0.4166667
0.5, 0.5
1, 1
0.3333333, 0.3333333
1, 1
1, 1
1, 1
0.5, 0.5
1, 1
1, 1
1, 1
1, 1
1, 1
1, 1
1, 1
1, 1
1, 1
1, 1
0.5, 0.5
1, 1
1, 1
1, 1
1, 1
0.4166667, 0.4166667
1, 1
1, 1
1, 1
1, 1
1, 1
1, 1
0, 0
1, 1
1, 1
1, 1
1, 1
1, 1
1, 1
1, 1
0.7333333, 0.7333333
1, 1
1, 1
1, 1
1, 1
1, 1
0, 0
1, 1
1, 1
1, 1
1, 1
-0.7142857, -0.7142857
1, 1
1, 1
1, 1
1, 1
1, 1
1, 1
1, 1
1, 1
1, 1
1, 1
1, 1
1, 1
1, 1
1, 1
1, 1
1, 1
1, 1
0, 0
1, 1
1, 1
0, 0
0.2, 0.2
1, 1
1, 1
1, 1
1, 1
0.5, 0.5
1, 1
0.6666667, 0.6666667
1, 1
1, 1
1, 1
1, 1
1, 1
1, 1
0.6666667, 0.6666667
0, 0
1, 1
1, 1
1, 1
1, 1
1, 1
1, 1
1, 1
1, 1
1, 1
0.5, 0.5
1, 1
1, 1
1, 1
1, 1
0.5, 0.5
1, 1
1, 1
1, 1
1, 1
1, 1
1, 1
1, 1
0.5, 0.5
1, 1
0.5, 0.5
1, 1
1, 1
1, 1
1, 1
1, 1
1, 1
1, 1
1, 1
0.5, 0.5
1, 1
1, 1
0.6666667, 0.6666667
1, 1
1, 1
-0.3333333, -0.3333333
1, 1
1, 1
1, 1
0.5, 0.5
1, 1
1, 1
1, 1
1, 1
1, 1
1, 1
1, 1
1, 1
1, 1
1, 1
1, 1
0.5, 0.5
0.6666667, 0.6666667
1, 1
1, 1
0.5, 0.5
1, 1
1, 1
1, 1
1, 1
1, 1
1, 1
1, 1
1, 1
1, 1
0.6666667, 0.6666667
1, 1
1, 1
1, 1
1, 1
1, 1
1, 1
1, 1
1, 1
1, 1
1, 1
1, 1
1, 1
1, 1
1, 1
1, 1
1, 1
1, 1
1, 1
1, 1
1, 1
1, 1
1, 1
1, 1
1, 1
1, 1
1, 1
1, 1
0.75, 0.75
1, 1
1, 1
1, 1
0.5, 0.5
1, 1
1, 1
1, 1
1, 1
1, 1
1, 1
1, 1
0, 0
0.5, 0.5
1, 1
1, 1
1, 1
1, 1
1, 1
1, 1
1, 1
1, 1
1, 1
1, 1
1, 1
0.5, 0.5
1, 1
1, 1
1, 1
1, 1
1, 1
1, 1
0.6666667, 0.6666667
1, 1
1, 1
1, 1
1, 1
1, 1
1, 1
1, 1
1, 1
0.5, 0.5
1, 1
1, 1
1, 1
1, 1
1, 1
1, 1
1, 1
1, 1
1, 1
1, 1
1, 1
1, 1
1, 1
1, 1
1, 1
0.3333334, 0.3333334
1, 1
0.5, 0.5
0.5, 0.5
0, 0
1, 1
1, 1
1, 1
1, 1
1, 1
1, 1
1, 1
1, 1
1, 1
1, 1
1, 1
1, 1
1, 1
1, 1
0.3333333, 0.3333333
-0.3333333, -0.3333333
0.3333333, 0.3333333
1, 1
1, 1
1, 1
1, 1
1, 1
1, 1
1, 1
1, 1
0.3333333, 0.3333333
1, 1
1, 1
1, 1
1, 1
1, 1
1, 1
0.5, 0.5
1, 1
1, 1
1, 1
1, 1
1, 1
1, 1
1, 1
1, 1
1, 1
1, 1
1, 1
1, 1
1, 1
1, 1
1, 1
-0.6666666, -0.6666666
1, 1
1, 1
1, 1
1, 1
1, 1
0, 0
0.5, 0.5
1, 1
1, 1
1, 1
1, 1
1, 1
1, 1
1, 1
1, 1
0.3333334, 0.3333334
0, 0
1, 1
0.5, 0.5
1, 1
0, 0
1, 1
1, 1
1, 1
1, 1
1, 1
1, 1
1, 1
1, 1
0, 0
0.3333333, 0.3333333
1, 1
1, 1
1, 1
1, 1
1, 1
1, 1
1, 1
1, 1
0.25, 0.25
1, 1
1, 1
0.3333334, 0.3333334
1, 1
1, 1
1, 1
1, 1
1, 1
1, 1
0, 0
1, 1
1, 1
0.3333333, 0.3333333
1, 1
1, 1
1, 1
1, 1
1, 1
1, 1
1, 1
1, 1
1, 1
1, 1
0.75, 0.75
1, 1
1, 1
1, 1
1, 1
1, 1
1, 1
-0.3333333, -0.3333333
1, 1
1, 1
1, 1
1, 1
1, 1
0.3333334, 0.3333334
1, 1
-0.5, -0.5
1, 1
1, 1
1, 1
1, 1
1, 1
0.5, 0.5
1, 1
1, 1
1, 1
1, 1
0.6666667, 0.6666667
1, 1
1, 1
1, 1
1, 1
1, 1
1, 1
1, 1
1, 1
1, 1
1, 1
1, 1
1, 1
1, 1
1, 1
1, 1
1, 1
1, 1
0.5, 0.5
1, 1
1, 1
1, 1
1, 1
1, 1
1, 1
1, 1
1, 1
1, 1
1, 1
1, 1
1, 1
1, 1
1, 1
0.4, 0.4
1, 1
1, 1
1, 1
1, 1
1, 1
1, 1
1, 1
1, 1
0, 0
0.6666667, 0.6666667
0, 0
1, 1
1, 1
0.4, 0.4
1, 1
1, 1
1, 1
0.6666667, 0.6666667
1, 1
-0.6, -0.6
1, 1
1, 1
1, 1
1, 1
0.6666667, 0.6666667
1, 1
1, 1
1, 1
1, 1
1, 1
0.3333333, 0.3333333
1, 1
1, 1
1, 1
1, 1
-0.3333333, -0.3333333
1, 1
1, 1
1, 1
1, 1
1, 1
1, 1
1, 1
1, 1
0.3333333, 0.3333333
1, 1
1, 1
1, 1
1, 1
1, 1
1, 1
1, 1
1, 1
1, 1
1, 1
0.6666666, 0.6666666
1, 1
1, 1
1, 1
0.2, 0.2
1, 1
1, 1
1, 1
1, 1
1, 1
1, 1
1, 1
1, 1
1, 1
1, 1
0.6666667, 0.6666667
1, 1
1, 1
1, 1
1, 1
1, 1
1, 1
1, 1
0.5, 0.5
1, 1
0, 0
1, 1
1, 1
1, 1
1, 1
1, 1
1, 1
1, 1
1, 1
1, 1
1, 1
1, 1
1, 1
0.3333334, 0.3333334
1, 1
1, 1
0.6666667, 0.6666667
1, 1
1, 1
0.5, 0.5
1, 1
1, 1
1, 1
0.5, 0.5
1, 1
1, 1
1, 1
1, 1
1, 1
1, 1
1, 1
1, 1
1, 1
1, 1
1, 1
1, 1
1, 1
0.75, 0.75
0.6, 0.6
1, 1
1, 1
1, 1
1, 1
1, 1
1, 1
0, 0
1, 1
0.75, 0.75
0.4, 0.4
0.6666667, 0.6666667
1, 1
1, 1
1, 1
1, 1
1, 1
1, 1
1, 1
1, 1
1, 1
1, 1
1, 1
1, 1
1, 1
1, 1
1, 1
1, 1
1, 1
1, 1
1, 1
0.3333334, 0.3333334
0.6666667, 0.6666667
1, 1
0, 0
0.6666667, 0.6666667
1, 1
1, 1
1, 1
1, 1
1, 1
1, 1
1, 1
1, 1
1, 1
1, 1
1, 1
1, 1
0.5, 0.5
1, 1
0.3333334, 0.3333334
1, 1
1, 1
1, 1
1, 1
0.4166667, 0.4166667
1, 1
1, 1
1, 1
1, 1
1, 1
1, 1
1, 1
1, 1
1, 1
0.4, 0.4
0.5, 0.5
1, 1
1, 1
1, 1
1, 1
1, 1
1, 1
1, 1
0.6, 0.6
1, 1
1, 1
1, 1
1, 1
1, 1
1, 1
1, 1
1, 1
1, 1
0.4166667, 0.4166667
1, 1
1, 1
1, 1
1, 1
1, 1
0.3333333, 0.3333333
1, 1
1, 1
1, 1
1, 1
1, 1
1, 1
0.5, 0.5
1, 1
1, 1
1, 1
1, 1
1, 1
1, 1
1, 1
1, 1
1, 1
1, 1
1, 1
0.3333334, 0.3333334
1, 1
1, 1
1, 1
1, 1
1, 1
0, 0
1, 1
-0.3333333, -0.3333333
1, 1
0.6666667, 0.6666667
1, 1
1, 1
1, 1
1, 1
1, 1
1, 1
1, 1
0.75, 0.75
1, 1
1, 1
1, 1
1, 1
1, 1
0.6666667, 0.6666667
1, 1
1, 1
1, 1
1, 1
0.5, 0.5
1, 1
1, 1
1, 1
1, 1
1, 1
0.3333333, 0.3333333
0.5, 0.5
1, 1
1, 1
1, 1
1, 1
-0.3333333, -0.3333333
1, 1
1, 1
0.5, 0.5
1, 1
1, 1
1, 1
1, 1
1, 1
1, 1
1, 1
1, 1
1, 1
0.5, 0.5
1, 1
1, 1
1, 1
1, 1
1, 1
1, 1
0.5, 0.5
1, 1
1, 1
1, 1
1, 1
1, 1
1, 1
1, 1
1, 1
1, 1
1, 1
1, 1
1, 1
1, 1
1, 1
1, 1
1, 1
1, 1
1, 1
0.4666667, 0.4666667
1, 1
1, 1
1, 1
1, 1
1, 1
1, 1
1, 1
1, 1
1, 1
0.5, 0.5
1, 1
1, 1
1, 1
0.75, 0.75
1, 1
0.6666667, 0.6666667
1, 1
1, 1
1, 1
1, 1
1, 1
1, 1
1, 1
1, 1
1, 1
1, 1
1, 1
1, 1
0.6666667, 0.6666667
1, 1
1, 1
1, 1
1, 1
0.4666667, 0.4666667
1, 1
1, 1
0, 0
0.5, 0.5
1, 1
1, 1
1, 1
1, 1
1, 1
1, 1
0.3333333, 0.3333333
1, 1
1, 1
-0.5, -0.5
1, 1
1, 1
0.3333333, 0.3333333
0.25, 0.25
1, 1
1, 1
1, 1
1, 1
1, 1
1, 1
1, 1
1, 1
1, 1
-0.3333333, -0.3333333
0.5, 0.5
1, 1
1, 1
0, 0
1, 1
1, 1
1, 1
1, 1
1, 1
1, 1
1, 1
0.3333334, 0.3333334
1, 1
1, 1
1, 1
1, 1
1, 1
1, 1
1, 1
1, 1
1, 1
0.5, 0.5
1, 1
1, 1
1, 1
1, 1
1, 1
0.4666667, 0.4666667
1, 1
1, 1
1, 1
1, 1
1, 1
1, 1
1, 1
1, 1
0.6666667, 0.6666667
1, 1
1, 1
1, 1
1, 1
1, 1
0, 0
1, 1
1, 1
1, 1
0.2, 0.2
1, 1
1, 1
1, 1
1, 1
1, 1
1, 1
1, 1
1, 1
1, 1
1, 1
0.3333334, 0.3333334
1, 1
0.4666667, 0.4666667
1, 1
1, 1
0.5, 0.5
0.6666667, 0.6666667
1, 1
1, 1
1, 1
0.3333333, 0.3333333
1, 1
1, 1
1, 1
1, 1
1, 1
1, 1
1, 1
1, 1
0.3333333, 0.3333333
1, 1
1, 1
-0.3333333, -0.3333333
1, 1
1, 1
0.3333333, 0.3333333
1, 1
1, 1
0, 0
1, 1
1, 1
1, 1
1, 1
0.4, 0.4
1, 1
1, 1
0.3333333, 0.3333333
1, 1
1, 1
1, 1
1, 1
1, 1
1, 1
1, 1
1, 1
1, 1
1, 1
1, 1
1, 1
1, 1
1, 1
0.4666667, 0.4666667
0.75, 0.75
1, 1
1, 1
1, 1
1, 1
1, 1
1, 1
0.75, 0.75
0.25, 0.25
0.5, 0.5
0.3333333, 0.3333333
1, 1
-0.3333333, -0.3333333
1, 1
1, 1
1, 1
0.6666667, 0.6666667
1, 1
1, 1
1, 1
1, 1
1, 1
1, 1
0.25, 0.25
1, 1
0.75, 0.75
1, 1
1, 1
1, 1
1, 1
1, 1
0.8, 0.8
0.6666667, 0.6666667
1, 1
1, 1
1, 1
1, 1
1, 1
1, 1
1, 1
1, 1
0.5, 0.5
1, 1
0.1666667, 0.1666667
0.3333333, 0.3333333
1, 1
1, 1
1, 1
1, 1
1, 1
1, 1
1, 1
1, 1
1, 1
1, 1
0.3333333, 0.3333333
1, 1
1, 1
1, 1
1, 1
1, 1
1, 1
0.6666667, 0.6666667
0, 0
0.5, 0.5
0.3333333, 0.3333333
0.5, 0.5
1, 1
0, 0
1, 1
-0.3333333, -0.3333333
1, 1
0.4, 0.4
1, 1
1, 1
0.75, 0.75
1, 1
1, 1
1, 1
1, 1
1, 1
1, 1
1, 1
1, 1
1, 1
1, 1
1, 1
1, 1
1, 1
1, 1
1, 1
0.75, 0.75
0, 0
1, 1
1, 1
1, 1
1, 1
-0.3333333, -0.3333333
1, 1
1, 1
1, 1
1, 1
-0.5, -0.5
1, 1
1, 1
1, 1
1, 1
1, 1
1, 1
1, 1
1, 1
0.5, 0.5
1, 1
1, 1
1, 1
1, 1
1, 1
1, 1
0.2, 0.2
0.5, 0.5
1, 1
1, 1
1, 1
0.6666667, 0.6666667
1, 1
0, 0
1, 1
0.5, 0.5
0, 0
-0.2, -0.2
1, 1
0.3333333, 0.3333333
1, 1
1, 1
1, 1
1, 1
1, 1
1, 1
1, 1
0.6666667, 0.6666667
1, 1
1, 1
0.3333333, 0.3333333
1, 1
1, 1
1, 1
1, 1
1, 1
1, 1
1, 1
1, 1
1, 1
1, 1
1, 1
1, 1
0.6666667, 0.6666667
1, 1
0.6666667, 0.6666667
0, 0
1, 1
1, 1
0.5, 0.5
1, 1
-0.6, -0.6
1, 1
1, 1
0, 0
1, 1
1, 1
1, 1
1, 1
1, 1
0.5, 0.5
1, 1
1, 1
1, 1
1, 1
1, 1
1, 1
1, 1
1, 1
1, 1
1, 1
0.5, 0.5
0.6666667, 0.6666667
1, 1
1, 1
1, 1
1, 1
1, 1
1, 1
0.5, 0.5
1, 1
1, 1
1, 1
0, 0
0.6666667, 0.6666667
0.4166667, 0.4166667
1, 1
1, 1
1, 1
1, 1
1, 1
1, 1
1, 1
1, 1
1, 1
1, 1
1, 1
1, 1
1, 1
1, 1
1, 1
1, 1
1, 1
1, 1
1, 1
1, 1
1, 1
0.5, 0.5
0.3333333, 0.3333333
1, 1
1, 1
1, 1
1, 1
0.6666667, 0.6666667
1, 1
1, 1
1, 1
0.3333333, 0.3333333
-0.6, -0.6
0.5, 0.5
1, 1
1, 1
0.8, 0.8
1, 1
1, 1
1, 1
1, 1
0.3333333, 0.3333333
1, 1
1, 1
1, 1
1, 1
1, 1
1, 1
1, 1
-0.5, -0.5
1, 1
1, 1
1, 1
1, 1
1, 1
1, 1
1, 1
1, 1
1, 1
0.6666667, 0.6666667
1, 1
0.6, 0.6
1, 1
1, 1
1, 1
1, 1
0.6666667, 0.6666667
0.5, 0.5
1, 1
1, 1
1, 1
1, 1
1, 1
1, 1
1, 1
1, 1
0.5, 0.5
1, 1
1, 1
1, 1
1, 1
-0.3333333, -0.3333333
1, 1
1, 1
1, 1
1, 1
1, 1
1, 1
1, 1
0.75, 0.75
1, 1
1, 1
1, 1
1, 1
1, 1
1, 1
1, 1
0.3333333, 0.3333333
1, 1
1, 1
1, 1
1, 1
0.6666667, 0.6666667
1, 1
0, 0
1, 1
1, 1
1, 1
1, 1
0.5, 0.5
1, 1
0.5, 0.5
1, 1
0.5, 0.5
1, 1
1, 1
1, 1
1, 1
1, 1
0.75, 0.75
1, 1
1, 1
1, 1
1, 1
1, 1
1, 1
1, 1
1, 1
1, 1
1, 1
0.6, 0.6
0.6666667, 0.6666667
1, 1
1, 1
1, 1
1, 1
1, 1
1, 1
1, 1
-0.2, -0.2
0.6666667, 0.6666667
0.3333334, 0.3333334
0.6666667, 0.6666667
0, 0
1, 1
1, 1
1, 1
0.8333334, 0.8333334
1, 1
0.3333333, 0.3333333
1, 1
0.3333333, 0.3333333
1, 1
1, 1
0.6, 0.6
1, 1
0.5, 0.5
1, 1
1, 1
1, 1
1, 1
1, 1
0.3333333, 0.3333333
1, 1
1, 1
1, 1
1, 1
0.5, 0.5
0.3333334, 0.3333334
1, 1
1, 1
1, 1
0.2, 0.2
1, 1
1, 1
1, 1
1, 1
0.6, 0.6
1, 1
1, 1
1, 1
1, 1
1, 1
1, 1
1, 1
1, 1
1, 1
1, 1
1, 1
1, 1
1, 1
0.6, 0.6
1, 1
1, 1
0, 0
1, 1
1, 1
1, 1
1, 1
1, 1
1, 1
1, 1
1, 1
0.5, 0.5
0, 0
1, 1
1, 1
0.3333334, 0.3333334
0.5, 0.5
0.5, 0.5
1, 1
1, 1
1, 1
1, 1
1, 1
0.5, 0.5
1, 1
1, 1
1, 1
1, 1
1, 1
1, 1
1, 1
1, 1
1, 1
1, 1
1, 1
1, 1
1, 1
1, 1
1, 1
1, 1
1, 1
1, 1
1, 1
1, 1
0.5, 0.5
1, 1
0.6, 0.6
0.75, 0.75
0, 0
0.6, 0.6
1, 1
0.75, 0.75
1, 1
1, 1
1, 1
1, 1
1, 1
1, 1
1, 1
0.5, 0.5
1, 1
1, 1
1, 1
1, 1
1, 1
1, 1
1, 1
1, 1
1, 1
1, 1
1, 1
1, 1
1, 1
1, 1
1, 1
0, 0
0.6666667, 0.6666667
1, 1
1, 1
1, 1
1, 1
1, 1
0.75, 0.75
-0.2, -0.2
1, 1
1, 1
1, 1
1, 1
1, 1
1, 1
1, 1
0.8, 0.8
0, 0
1, 1
1, 1
1, 1
-0.3333333, -0.3333333
0.6, 0.6
1, 1
1, 1
1, 1
1, 1
1, 1
1, 1
0.6666667, 0.6666667
1, 1
1, 1
1, 1
1, 1
1, 1
1, 1
1, 1
1, 1
1, 1
1, 1
1, 1
0.6666667, 0.6666667
1, 1
1, 1
0.6666667, 0.6666667
0.5, 0.5
1, 1
1, 1
1, 1
1, 1
1, 1
1, 1
1, 1
1, 1
0.6666667, 0.6666667
1, 1
1, 1
1, 1
1, 1
1, 1
1, 1
1, 1
1, 1
0.5, 0.5
0, 0
0.6666667, 0.6666667
0.8, 0.8
1, 1
0, 0
1, 1
1, 1
1, 1
1, 1
1, 1
1, 1
1, 1
1, 1
1, 1
0.5, 0.5
1, 1
1, 1
1, 1
1, 1
1, 1
1, 1
1, 1
1, 1
1, 1
1, 1
0.75, 0.75
1, 1
0.25, 0.25
1, 1
0.6666667, 0.6666667
0.5, 0.5
1, 1
1, 1
1, 1
1, 1
1, 1
1, 1
1, 1
1, 1
0.5, 0.5
1, 1
1, 1
1, 1
1, 1
1, 1
1, 1
1, 1
1, 1
1, 1
1, 1
1, 1
1, 1
1, 1
1, 1
1, 1
1, 1
1, 1
1, 1
1, 1
0.3333333, 0.3333333
1, 1
1, 1
1, 1
0.3333334, 0.3333334
0.25, 0.25
1, 1
1, 1
1, 1
1, 1
1, 1
1, 1
1, 1
1, 1
1, 1
0.6666667, 0.6666667
0, 0
0.5, 0.5
0.75, 0.75
1, 1
1, 1
1, 1
1, 1
1, 1
1, 1
1, 1
0.75, 0.75
1, 1
1, 1
1, 1
1, 1
0.8, 0.8
1, 1
1, 1
1, 1
0.4, 0.4
0.6666667, 0.6666667
0.5, 0.5
1, 1
0.5, 0.5
0.3333333, 0.3333333
-0.3333333, -0.3333333
1, 1
1, 1
0, 0
1, 1
1, 1
1, 1
0.6666667, 0.6666667
1, 1
1, 1
1, 1
1, 1
1, 1
1, 1
1, 1
1, 1
1, 1
-0.3333333, -0.3333333
1, 1
1, 1
0.6666667, 0.6666667
1, 1
1, 1
1, 1
1, 1
1, 1
0.5, 0.5
0, 0
0.5, 0.5
0.6666667, 0.6666667
1, 1
0.5, 0.5
1, 1
1, 1
1, 1
1, 1
1, 1
0.3, 0.3
1, 1
1, 1
1, 1
1, 1
1, 1
1, 1
1, 1
1, 1
1, 1
1, 1
1, 1
1, 1
1, 1
1, 1
1, 1
1, 1
1, 1
1, 1
1, 1
1, 1
1, 1
1, 1
1, 1
1, 1
1, 1
1, 1
1, 1
1, 1
1, 1
1, 1
1, 1
0.8, 0.8
1, 1
0.6666667, 0.6666667
1, 1
0.6666667, 0.6666667
1, 1
1, 1
1, 1
1, 1
1, 1
1, 1
0.5, 0.5
0.5, 0.5
1, 1
0.75, 0.75
0, 0
1, 1
1, 1
1, 1
1, 1
0.6666667, 0.6666667
0.3333334, 0.3333334
1, 1
1, 1
0.6666667, 0.6666667
0.3333334, 0.3333334
1, 1
1, 1
0.4, 0.4
0.75, 0.75
1, 1
1, 1
0.5, 0.5
1, 1
1, 1
1, 1
1, 1
1, 1
0.6666667, 0.6666667
1, 1
1, 1
0.1666667, 0.1666667
1, 1
1, 1
1, 1
1, 1
1, 1
0.5, 0.5
1, 1
1, 1
1, 1
1, 1
1, 1
1, 1
1, 1
1, 1
1, 1
1, 1
1, 1
1, 1
1, 1
1, 1
1, 1
1, 1
1, 1
0, 0
0.6666667, 0.6666667
1, 1
1, 1
0.6666667, 0.6666667
1, 1
1, 1
1, 1
1, 1
1, 1
1, 1
1, 1
0.5, 0.5
0.6666667, 0.6666667
1, 1
1, 1
1, 1
1, 1
1, 1
1, 1
1, 1
1, 1
1, 1
1, 1
1, 1
0.6666667, 0.6666667
1, 1
0.75, 0.75
1, 1
1, 1
1, 1
1, 1
1, 1
1, 1
1, 1
1, 1
1, 1
0.6666667, 0.6666667
0.5, 0.5
1, 1
1, 1
1, 1
1, 1
1, 1
0.5, 0.5
0, 0
1, 1
0.5, 0.5
1, 1
0.6666667, 0.6666667
1, 1
1, 1
1, 1
1, 1
1, 1
1, 1
0, 0
0.5, 0.5
1, 1
1, 1
1, 1
0.75, 0.75
1, 1
1, 1
1, 1
0.5, 0.5
1, 1
1, 1
1, 1
0.6666667, 0.6666667
1, 1
0.5333333, 0.5333333
1, 1
1, 1
-0.3333333, -0.3333333
1, 1
1, 1
1, 1
1, 1
1, 1
1, 1
0.3333334, 0.3333334
1, 1
1, 1
1, 1
1, 1
0.6666667, 0.6666667
1, 1
0.8, 0.8
1, 1
1, 1
0.8, 0.8
1, 1
1, 1
1, 1
0.6666667, 0.6666667
1, 1
1, 1
1, 1
1, 1
1, 1
1, 1
1, 1
1, 1
0.75, 0.75
1, 1
0.75, 0.75
0, 0
1, 1
1, 1
0.75, 0.75
1, 1
1, 1
1, 1
1, 1
0.6666667, 0.6666667
0.3333333, 0.3333333
0.2, 0.2
1, 1
1, 1
0.25, 0.25
1, 1
0.4166667, 0.4166667
0.6666667, 0.6666667
0.5, 0.5
1, 1
1, 1
1, 1
1, 1
1, 1
-0.3333333, -0.3333333
1, 1
1, 1
1, 1
1, 1
0.5, 0.5
1, 1
0.6666667, 0.6666667
-0.3333333, -0.3333333
1, 1
0.5, 0.5
0.5, 0.5
1, 1
1, 1
1, 1
1, 1
1, 1
1, 1
1, 1
1, 1
1, 1
1, 1
1, 1
1, 1
1, 1
1, 1
0.6666667, 0.6666667
1, 1
0.6666667, 0.6666667
1, 1
0.5, 0.5
1, 1
1, 1
0.8, 0.8
1, 1
1, 1
1, 1
1, 1
1, 1
1, 1
1, 1
1, 1
1, 1
1, 1
1, 1
1, 1
1, 1
1, 1
0.4, 0.4
1, 1
0.5, 0.5
0, 0
1, 1
0.5333333, 0.5333333
0.6666667, 0.6666667
1, 1
1, 1
1, 1
1, 1
0.3333334, 0.3333334
0.6666667, 0.6666667
1, 1
1, 1
0.4166667, 0.4166667
1, 1
1, 1
1, 1
1, 1
0.5, 0.5
1, 1
1, 1
1, 1
1, 1
1, 1
1, 1
1, 1
1, 1
1, 1
1, 1
1, 1
1, 1
1, 1
1, 1
1, 1
0.6666667, 0.6666667
0.6666667, 0.6666667
1, 1
1, 1
0.3333333, 0.3333333
0.3333333, 0.3333333
1, 1
1, 1
0, 0
1, 1
1, 1
1, 1
1, 1
1, 1
1, 1
-0.6666666, -0.6666666
1, 1
1, 1
0.6666667, 0.6666667
1, 1
1, 1
1, 1
0.6666667, 0.6666667
1, 1
1, 1
0.6666667, 0.6666667
1, 1
1, 1
1, 1
0, 0
1, 1
1, 1
0.4666667, 0.4666667
-0.1, -0.1
1, 1
1, 1
1, 1
0.5, 0.5
1, 1
1, 1
-0.5, -0.5
0, 0
1, 1
1, 1
0.6, 0.6
0.5, 0.5
1, 1
0.8, 0.8
0.6666667, 0.6666667
1, 1
0.6666667, 0.6666667
-0.3333333, -0.3333333
1, 1
1, 1
1, 1
1, 1
1, 1
0, 0
1, 1
1, 1
1, 1
1, 1
1, 1
1, 1
1, 1
0.3333334, 0.3333334
1, 1
1, 1
1, 1
1, 1
1, 1
1, 1
0.75, 0.75
1, 1
-0.5, -0.5
0.6666667, 0.6666667
1, 1
-0.3333333, -0.3333333
1, 1
1, 1
-0.2, -0.2
1, 1
0.6666667, 0.6666667
1, 1
1, 1
1, 1
1, 1
0.6666667, 0.6666667
0.4166667, 0.4166667
1, 1
1, 1
1, 1
0.6666667, 0.6666667
1, 1
1, 1
0.6666667, 0.6666667
0, 0
1, 1
1, 1
0.6666667, 0.6666667
1, 1
1, 1
0.5, 0.5
1, 1
0.6666667, 0.6666667
0, 0
1, 1
0.6666667, 0.6666667
1, 1
1, 1
1, 1
1, 1
1, 1
1, 1
1, 1
1, 1
1, 1
1, 1
1, 1
1, 1
1, 1
1, 1
1, 1
1, 1
1, 1
1, 1
1, 1
1, 1
1, 1
1, 1
1, 1
1, 1
1, 1
1, 1
1, 1
1, 1
1, 1
1, 1
1, 1
1, 1
1, 1
1, 1
1, 1
1, 1
1, 1
1, 1
1, 1
0.6666667, 0.6666667
1, 1
1, 1
1, 1
1, 1
1, 1
1, 1
1, 1
1, 1
1, 1
1, 1
1, 1
1, 1
0.6666667, 0.6666667
1, 1
1, 1
1, 1
1, 1
1, 1
1, 1
1, 1
0.6666667, 0.6666667
1, 1
1, 1
1, 1
1, 1
1, 1
0.6666667, 0.6666667
0.5, 0.5
1, 1
0.4166667, 0.4166667
1, 1
1, 1
1, 1
0.6666667, 0.6666667
1, 1
1, 1
1, 1
1, 1
0.6666667, 0.6666667
1, 1
1, 1
-0.3333333, -0.3333333
1, 1
1, 1
1, 1
1, 1
1, 1
1, 1
1, 1
1, 1
1, 1
1, 1
1, 1
1, 1
1, 1
1, 1
1, 1
-0.3333333, -0.3333333
0, 0
1, 1
1, 1
1, 1
0, 0
0, 0
1, 1
0.6666667, 0.6666667
1, 1
1, 1
1, 1
-0.5, -0.5
1, 1
1, 1
1, 1
0.5, 0.5
0.3333333, 0.3333333
-0.5, -0.5
1, 1
1, 1
0, 0
1, 1
1, 1
1, 1
1, 1
0.5, 0.5
1, 1
0.5, 0.5
1, 1
-0.2, -0.2
0.6666667, 0.6666667
1, 1
1, 1
1, 1
1, 1
1, 1
1, 1
0.5, 0.5
0.5, 0.5
1, 1
1, 1
0.6666667, 0.6666667
1, 1
0.5, 0.5
1, 1
1, 1
1, 1
1, 1
0.3333334, 0.3333334
1, 1
1, 1
0.3333333, 0.3333333
1, 1
1, 1
1, 1
-0.2, -0.2
1, 1
1, 1
-0.6, -0.6
1, 1
1, 1
1, 1
1, 1
1, 1
1, 1
1, 1
1, 1
1, 1
1, 1
1, 1
1, 1
0, 0
0.2, 0.2
1, 1
0.5, 0.5
1, 1
1, 1
1, 1
1, 1
1, 1
1, 1
1, 1
1, 1
1, 1
1, 1
1, 1
1, 1
1, 1
1, 1
1, 1
1, 1
1, 1
1, 1
1, 1
1, 1
1, 1
0.25, 0.25
1, 1
1, 1
1, 1
1, 1
1, 1
1, 1
0.5, 0.5
1, 1
1, 1
1, 1
1, 1
1, 1
0.3333333, 0.3333333
1, 1
1, 1
1, 1
1, 1
0.5, 0.5
0.6666667, 0.6666667
1, 1
1, 1
0.6, 0.6
1, 1
1, 1
1, 1
1, 1
1, 1
1, 1
1, 1
0.4, 0.4
1, 1
1, 1
1, 1
1, 1
1, 1
1, 1
1, 1
1, 1
1, 1
1, 1
1, 1
0, 0
0.5, 0.5
1, 1
1, 1
1, 1
1, 1
0.3333333, 0.3333333
0.75, 0.75
1, 1
0.3333333, 0.3333333
1, 1
1, 1
1, 1
1, 1
1, 1
1, 1
1, 1
1, 1
1, 1
0.5, 0.5
1, 1
1, 1
1, 1
1, 1
1, 1
0.6, 0.6
1, 1
1, 1
1, 1
1, 1
1, 1
1, 1
1, 1
0.3333333, 0.3333333
1, 1
1, 1
1, 1
1, 1
1, 1
0.4, 0.4
1, 1
1, 1
1, 1
1, 1
0.1, 0.1
1, 1
1, 1
1, 1
0.3333333, 0.3333333
0.5, 0.5
1, 1
1, 1
0.8, 0.8
-0.3333333, -0.3333333
1, 1
1, 1
1, 1
-0.3333333, -0.3333333
0.6666667, 0.6666667
0, 0
1, 1
0.6666667, 0.6666667
1, 1
1, 1
1, 1
1, 1
1, 1
1, 1
1, 1
1, 1
-0.5, -0.5
1, 1
1, 1
1, 1
1, 1
0.5, 0.5
1, 1
1, 1
1, 1
1, 1
1, 1
1, 1
-0.3333333, -0.3333333
0, 0
1, 1
1, 1
1, 1
1, 1
1, 1
1, 1
1, 1
1, 1
0, 0
1, 1
1, 1
1, 1
1, 1
0, 0
1, 1
-0.5, -0.5
-0.3333333, -0.3333333
1, 1
1, 1
1, 1
1, 1
1, 1
1, 1
1, 1
1, 1
1, 1
1, 1
1, 1
1, 1
1, 1
1, 1
-0.6, -0.6
-0.5, -0.5
1, 1
0.5, 0.5
1, 1
1, 1
1, 1
1, 1
0.75, 0.75
1, 1
1, 1
0.3333334, 0.3333334
1, 1
1, 1
1, 1
0.4, 0.4
0.6666667, 0.6666667
1, 1
1, 1
1, 1
1, 1
1, 1
1, 1
0, 0
0.5, 0.5
1, 1
0.6666667, 0.6666667
1, 1
1, 1
1, 1
1, 1
0, 0
0.5, 0.5
0.5, 0.5
1, 1
1, 1
1, 1
1, 1
-0.3333333, -0.3333333
1, 1
1, 1
1, 1
1, 1
1, 1
1, 1
1, 1
1, 1
1, 1
1, 1
1, 1
1, 1
1, 1
1, 1
1, 1
1, 1
0.6666667, 0.6666667
-0.08333331, -0.08333331
-0.3333333, -0.3333333
0.6666667, 0.6666667
1, 1
1, 1
1, 1
1, 1
1, 1
1, 1
0, 0
1, 1
1, 1
1, 1
1, 1
1, 1
0.6666667, 0.6666667
1, 1
1, 1
1, 1
1, 1
1, 1
1, 1
1, 1
1, 1
1, 1
1, 1
1, 1
1, 1
1, 1
1, 1
1, 1
1, 1
1, 1
1, 1
1, 1
1, 1
1, 1
1, 1
1, 1
0.5, 0.5
0.6666667, 0.6666667
1, 1
0.3333333, 0.3333333
-0.3333333, -0.3333333
1, 1
1, 1
1, 1
1, 1
1, 1
0, 0
1, 1
1, 1
1, 1
1, 1
0.5, 0.5
0.5, 0.5
1, 1
1, 1
1, 1
1, 1
1, 1
1, 1
0.6666667, 0.6666667
1, 1
1, 1
1, 1
1, 1
1, 1
0, 0
0, 0
0.6666667, 0.6666667
1, 1
1, 1
1, 1
0, 0
1, 1
1, 1
1, 1
1, 1
1, 1
1, 1
1, 1
1, 1
1, 1
1, 1
0.6666667, 0.6666667
1, 1
1, 1
0.5, 0.5
1, 1
1, 1
1, 1
1, 1
1, 1
1, 1
0, 0
1, 1
1, 1
0.3333333, 0.3333333
1, 1
1, 1
0.75, 0.75
1, 1
1, 1
1, 1
1, 1
1, 1
1, 1
0.5, 0.5
1, 1
1, 1
1, 1
1, 1
1, 1
0.5, 0.5
0.6666667, 0.6666667
1, 1
0.5, 0.5
1, 1
1, 1
1, 1
1, 1
1, 1
1, 1
1, 1
1, 1
1, 1
1, 1
1, 1
1, 1
0.6666667, 0.6666667
1, 1
1, 1
1, 1
1, 1
1, 1
0.3333333, 0.3333333
1, 1
1, 1
1, 1
0.5, 0.5
0.3333334, 0.3333334
1, 1
1, 1
1, 1
-0.5, -0.5
0.2, 0.2
1, 1
1, 1
1, 1
1, 1
0.3333333, 0.3333333
1, 1
1, 1
0.3333333, 0.3333333
1, 1
1, 1
1, 1
1, 1
1, 1
1, 1
0.5, 0.5
1, 1
1, 1
1, 1
1, 1
1, 1
0.6666667, 0.6666667
1, 1
1, 1
0.5, 0.5
0.6666667, 0.6666667
1, 1
1, 1
0.6666667, 0.6666667
0.5, 0.5
0.6, 0.6
0.3333333, 0.3333333
1, 1
1, 1
1, 1
0.2, 0.2
1, 1
1, 1
1, 1
0, 0
0.5, 0.5
0.5, 0.5
1, 1
1, 1
1, 1
0.6666667, 0.6666667
1, 1
1, 1
1, 1
0.6666667, 0.6666667
0, 0
1, 1
1, 1
1, 1
1, 1
1, 1
1, 1
1, 1
1, 1
1, 1
1, 1
1, 1
1, 1
1, 1
1, 1
1, 1
1, 1
1, 1
1, 1
1, 1
0.6666667, 0.6666667
1, 1
0.7666667, 0.7666667
1, 1
1, 1
1, 1
1, 1
1, 1
1, 1
1, 1
1, 1
1, 1
1, 1
0.5, 0.5
0.8, 0.8
1, 1
0.6666667, 0.6666667
0.75, 0.75
1, 1
1, 1
1, 1
0.6666667, 0.6666667
1, 1
1, 1
0.6666667, 0.6666667
1, 1
1, 1
0.6666667, 0.6666667
0.6666667, 0.6666667
1, 1
1, 1
1, 1
0.3333334, 0.3333334
1, 1
1, 1
1, 1
1, 1
1, 1
1, 1
1, 1
1, 1
1, 1
1, 1
0.6666667, 0.6666667
0, 0
1, 1
0.3333333, 0.3333333
1, 1
1, 1
1, 1
0.8333334, 0.8333334
1, 1
0.3333333, 0.3333333
1, 1
1, 1
1, 1
1, 1
1, 1
1, 1
1, 1
1, 1
0.3333333, 0.3333333
1, 1
0, 0
0.3333333, 0.3333333
1, 1
1, 1
1, 1
1, 1
0.6666667, 0.6666667
0, 0
1, 1
1, 1
0.75, 0.75
1, 1
1, 1
1, 1
1, 1
1, 1
1, 1
1, 1
1, 1
1, 1
1, 1
1, 1
0.5, 0.5
0.6666667, 0.6666667
0.6666667, 0.6666667
1, 1
1, 1
1, 1
1, 1
1, 1
1, 1
1, 1
1, 1
1, 1
1, 1
1, 1
1, 1
1, 1
1, 1
1, 1
1, 1
1, 1
1, 1
1, 1
1, 1
1, 1
0.4, 0.4
1, 1
1, 1
1, 1
1, 1
0.6666667, 0.6666667
1, 1
1, 1
1, 1
1, 1
0.3333333, 0.3333333
1, 1
1, 1
1, 1
1, 1
1, 1
1, 1
0.6666667, 0.6666667
1, 1
0.8, 0.8
1, 1
1, 1
1, 1
0.3333333, 0.3333333
0.6666667, 0.6666667
0.6666667, 0.6666667
1, 1
1, 1
1, 1
1, 1
1, 1
1, 1
1, 1
1, 1
1, 1
1, 1
1, 1
1, 1
1, 1
1, 1
1, 1
1, 1
1, 1
1, 1
1, 1
1, 1
1, 1
0.75, 0.75
1, 1
1, 1
1, 1
1, 1
1, 1
1, 1
0.8333334, 0.8333334
1, 1
1, 1
1, 1
1, 1
1, 1
1, 1
0.6666667, 0.6666667
1, 1
1, 1
1, 1
1, 1
1, 1
1, 1
1, 1
0.6666667, 0.6666667
1, 1
0.6666667, 0.6666667
0, 0
0, 0
1, 1
0.4, 0.4
0, 0
0.5, 0.5
1, 1
1, 1
1, 1
1, 1
1, 1
1, 1
-0.3333333, -0.3333333
0.6666667, 0.6666667
1, 1
1, 1
1, 1
1, 1
1, 1
1, 1
1, 1
1, 1
0.75, 0.75
1, 1
1, 1
1, 1
1, 1
1, 1
0, 0
1, 1
1, 1
1, 1
0.3333333, 0.3333333
0, 0
1, 1
1, 1
1, 1
1, 1
1, 1
1, 1
1, 1
1, 1
1, 1
1, 1
0.6666667, 0.6666667
1, 1
1, 1
1, 1
1, 1
1, 1
1, 1
1, 1
0.6, 0.6
1, 1
0.6, 0.6
1, 1
1, 1
1, 1
0.6666667, 0.6666667
1, 1
0, 0
0.5, 0.5
1, 1
1, 1
1, 1
0.8333334, 0.8333334
1, 1
1, 1
1, 1
1, 1
1, 1
1, 1
1, 1
1, 1
1, 1
1, 1
0.6666667, 0.6666667
0.6666667, 0.6666667
1, 1
0.3333334, 0.3333334
0, 0
0.5, 0.5
1, 1
1, 1
1, 1
1, 1
1, 1
1, 1
1, 1
0.4, 0.4
1, 1
1, 1
1, 1
1, 1
1, 1
1, 1
1, 1
1, 1
1, 1
0.6666667, 0.6666667
1, 1
1, 1
1, 1
1, 1
1, 1
1, 1
1, 1
1, 1
1, 1
1, 1
0, 0
0.3333333, 0.3333333
1, 1
1, 1
1, 1
1, 1
1, 1
1, 1
1, 1
1, 1
1, 1
1, 1
1, 1
1, 1
1, 1
1, 1
1, 1
0.5, 0.5
1, 1
-0.3333333, -0.3333333
1, 1
1, 1
1, 1
1, 1
1, 1
1, 1
1, 1
1, 1
1, 1
1, 1
-0.35, -0.35
1, 1
1, 1
1, 1
1, 1
1, 1
1, 1
0.6666667, 0.6666667
1, 1
1, 1
1, 1
1, 1
1, 1
1, 1
1, 1
1, 1
1, 1
1, 1
0.3333333, 0.3333333
1, 1
1, 1
0.3333334, 0.3333334
1, 1
1, 1
1, 1
1, 1
1, 1
0.5, 0.5
0, 0
1, 1
1, 1
1, 1
1, 1
0.6666667, 0.6666667
1, 1
1, 1
1, 1
1, 1
0.6, 0.6
1, 1
0.6666667, 0.6666667
1, 1
1, 1
1, 1
0.5, 0.5
0, 0
1, 1
1, 1
1, 1
1, 1
1, 1
1, 1
1, 1
0.6666667, 0.6666667
1, 1
1, 1
1, 1
1, 1
0.6666667, 0.6666667
1, 1
1, 1
1, 1
0.6, 0.6
0.6666667, 0.6666667
0.6666667, 0.6666667
1, 1
1, 1
1, 1
1, 1
0.6666667, 0.6666667
1, 1
1, 1
1, 1
1, 1
1, 1
1, 1
1, 1
1, 1
1, 1
1, 1
1, 1
0.6666667, 0.6666667
0.6666667, 0.6666667
1, 1
1, 1
1, 1
0.5, 0.5
1, 1
1, 1
0.5, 0.5
1, 1
1, 1
0.6666667, 0.6666667
1, 1
1, 1
1, 1
1, 1
1, 1
1, 1
-0.5, -0.5
1, 1
1, 1
0.75, 0.75
1, 1
1, 1
1, 1
1, 1
1, 1
0.6666667, 0.6666667
1, 1
1, 1
0.75, 0.75
1, 1
1, 1
1, 1
1, 1
-0.5, -0.5
1, 1
1, 1
1, 1
1, 1
0.6666667, 0.6666667
1, 1
-0.08333331, -0.08333331
1, 1
1, 1
1, 1
1, 1
1, 1
1, 1
1, 1
1, 1
0.6, 0.6
1, 1
1, 1
1, 1
1, 1
1, 1
1, 1
0.5, 0.5
1, 1
0.6666667, 0.6666667
1, 1
1, 1
0.5, 0.5
0.5, 0.5
1, 1
1, 1
1, 1
1, 1
1, 1
1, 1
1, 1
1, 1
1, 1
1, 1
1, 1
1, 1
1, 1
0.6666667, 0.6666667
0.6666667, 0.6666667
0.5, 0.5
1, 1
1, 1
1, 1
1, 1
1, 1
1, 1
0.3333333, 0.3333333
1, 1
1, 1
1, 1
1, 1
1, 1
1, 1
0, 0
1, 1
1, 1
1, 1
1, 1
0.3333334, 0.3333334
1, 1
1, 1
0.6666667, 0.6666667
1, 1
-0.2, -0.2
0, 0
0.5, 0.5
0.75, 0.75
0.6, 0.6
1, 1
1, 1
1, 1
1, 1
1, 1
1, 1
1, 1
1, 1
1, 1
1, 1
-0.3333333, -0.3333333
0.3333334, 0.3333334
-0.2, -0.2
0.6, 0.6
1, 1
1, 1
0, 0
0.5, 0.5
1, 1
1, 1
0.6, 0.6
1, 1
1, 1
1, 1
0.6666667, 0.6666667
0.3333333, 0.3333333
1, 1
0.3333333, 0.3333333
0, 0
1, 1
0.3333333, 0.3333333
0.3, 0.3
1, 1
-0.2666667, -0.2666667
1, 1
-0.3333333, -0.3333333
1, 1
1, 1
1, 1
1, 1
1, 1
1, 1
1, 1
1, 1
1, 1
1, 1
1, 1
0.75, 0.75
1, 1
1, 1
1, 1
1, 1
1, 1
1, 1
1, 1
1, 1
1, 1
1, 1
1, 1
1, 1
1, 1
1, 1
1, 1
1, 1
1, 1
1, 1
1, 1
1, 1
1, 1
1, 1
1, 1
1, 1
0.6666667, 0.6666667
0.5, 0.5
0.5, 0.5
0.75, 0.75
1, 1
1, 1
1, 1
1, 1
0.6, 0.6
0.75, 0.75
1, 1
1, 1
1, 1
1, 1
1, 1
1, 1
1, 1
1, 1
0.6666667, 0.6666667
1, 1
1, 1
1, 1
1, 1
1, 1
1, 1
1, 1
0.25, 0.25
1, 1
1, 1
1, 1
1, 1
1, 1
1, 1
1, 1
1, 1
1, 1
1, 1
1, 1
1, 1
1, 1
0.75, 0.75
1, 1
0.6666667, 0.6666667
1, 1
1, 1
1, 1
0.6666667, 0.6666667
0.6666667, 0.6666667
1, 1
1, 1
0.5, 0.5
0.5, 0.5
1, 1
1, 1
1, 1
1, 1
1, 1
1, 1
1, 1
0, 0
1, 1
1, 1
1, 1
1, 1
1, 1
1, 1
1, 1
1, 1
1, 1
1, 1
1, 1
1, 1
0.7142857, 0.7142857
1, 1
1, 1
1, 1
0.4166667, 0.4166667
0.5, 0.5
1, 1
1, 1
0.6666667, 0.6666667
0.3333333, 0.3333333
1, 1
1, 1
1, 1
1, 1
1, 1
1, 1
1, 1
1, 1
1, 1
1, 1
1, 1
1, 1
0.3333333, 0.3333333
1, 1
1, 1
0.6666667, 0.6666667
1, 1
0.5, 0.5
1, 1
1, 1
1, 1
1, 1
1, 1
0.75, 0.75
1, 1
1, 1
1, 1
1, 1
1, 1
1, 1
1, 1
1, 1
1, 1
0.8, 0.8
0.6, 0.6
1, 1
1, 1
1, 1
0.3333333, 0.3333333
1, 1
1, 1
0.6, 0.6
1, 1
1, 1
1, 1
0.5, 0.5
1, 1
1, 1
1, 1
1, 1
0.2666667, 0.2666667
1, 1
1, 1
0.5, 0.5
0.6666667, 0.6666667
1, 1
1, 1
1, 1
1, 1
1, 1
1, 1
1, 1
1, 1
1, 1
1, 1
0.6, 0.6
1, 1
1, 1
1, 1
1, 1
1, 1
1, 1
1, 1
1, 1
1, 1
1, 1
0, 0
1, 1
1, 1
1, 1
1, 1
1, 1
1, 1
1, 1
1, 1
1, 1
1, 1
1, 1
1, 1
1, 1
0.4, 0.4
1, 1
1, 1
1, 1
1, 1
1, 1
-0.6, -0.6
0, 0
1, 1
1, 1
1, 1
0.6, 0.6
1, 1
1, 1
1, 1
1, 1
0.6, 0.6
1, 1
0.4, 0.4
0.5, 0.5
1, 1
0.6666667, 0.6666667
-0.2, -0.2
0.2857143, 0.2857143
1, 1
1, 1
1, 1
1, 1
0.6666667, 0.6666667
0.6, 0.6
1, 1
1, 1
1, 1
1, 1
1, 1
1, 1
1, 1
1, 1
1, 1
0.6666667, 0.6666667
1, 1
1, 1
1, 1
1, 1
0.25, 0.25
1, 1
1, 1
1, 1
0.75, 0.75
1, 1
1, 1
1, 1
0.5, 0.5
1, 1
1, 1
1, 1
1, 1
1, 1
0.75, 0.75
0.5, 0.5
1, 1
1, 1
1, 1
1, 1
0.3, 0.3
0.6666667, 0.6666667
0.5, 0.5
0.6666667, 0.6666667
1, 1
1, 1
1, 1
1, 1
1, 1
1, 1
1, 1
1, 1
0.6666667, 0.6666667
1, 1
0.5, 0.5
1, 1
1, 1
1, 1
1, 1
1, 1
1, 1
0.5, 0.5
1, 1
1, 1
1, 1
0.5, 0.5
1, 1
1, 1
1, 1
0.6, 0.6
1, 1
1, 1
1, 1
1, 1
1, 1
1, 1
0.75, 0.75
0.6666667, 0.6666667
1, 1
1, 1
1, 1
1, 1
1, 1
1, 1
1, 1
1, 1
0.6, 0.6
1, 1
1, 1
0.4, 0.4
1, 1
1, 1
1, 1
1, 1
1, 1
1, 1
0.4, 0.4
1, 1
1, 1
1, 1
1, 1
0.6666667, 0.6666667
1, 1
1, 1
0.3333334, 0.3333334
1, 1
1, 1
1, 1
1, 1
1, 1
0.6666667, 0.6666667
0.25, 0.25
1, 1
1, 1
0.6666667, 0.6666667
0.4, 0.4
1, 1
1, 1
0.5, 0.5
0.25, 0.25
0.6666667, 0.6666667
0.3333334, 0.3333334
1, 1
1, 1
1, 1
1, 1
1, 1
1, 1
1, 1
1, 1
1, 1
1, 1
1, 1
1, 1
1, 1
1, 1
1, 1
1, 1
1, 1
1, 1
1, 1
1, 1
0.5, 0.5
1, 1
1, 1
1, 1
1, 1
1, 1
1, 1
0.5, 0.5
0, 0
0.5, 0.5
1, 1
1, 1
0.6666667, 0.6666667
1, 1
0.75, 0.75
1, 1
1, 1
1, 1
1, 1
0.5, 0.5
1, 1
0.6, 0.6
0.1333334, 0.1333334
0.75, 0.75
1, 1
1, 1
1, 1
1, 1
1, 1
0.6, 0.6
1, 1
1, 1
0.6666667, 0.6666667
1, 1
1, 1
-0.3333333, -0.3333333
4.470348E-08, 4.470348E-08
1, 1
1, 1
1, 1
1, 1
1, 1
1, 1
1, 1
1, 1
0.3333333, 0.3333333
1, 1
1, 1
1, 1
1, 1
0.3333334, 0.3333334
1, 1
1, 1
1, 1
1, 1
0.5, 0.5
0.8, 0.8
0.3333333, 0.3333333
0.6666667, 0.6666667
0.75, 0.75
0.3, 0.3
1, 1
1, 1
0.6666667, 0.6666667
1, 1
1, 1
1, 1
1, 1
1, 1
1, 1
1, 1
1, 1
1, 1
1, 1
1, 1
1, 1
1, 1
1, 1
1, 1
1, 1
1, 1
1, 1
1, 1
1, 1
1, 1
1, 1
1, 1
0.5, 0.5
0.4, 0.4
1, 1
1, 1
1, 1
0.3333333, 0.3333333
1, 1
0.5, 0.5
1, 1
1, 1
1, 1
1, 1
1, 1
0.4285714, 0.4285714
1, 1
1, 1
0.5, 0.5
1, 1
1, 1
1, 1
0.1666667, 0.1666667
0, 0
1, 1
1, 1
1, 1
-0.5, -0.5
0.4166667, 0.4166667
1, 1
1, 1
0.6666667, 0.6666667
1, 1
1, 1
1, 1
0.3333333, 0.3333333
1, 1
1, 1
1, 1
1, 1
1, 1
1, 1
1, 1
1, 1
0, 0
1, 1
1, 1
1, 1
1, 1
1, 1
1, 1
1, 1
0.1666667, 0.1666667
1, 1
1, 1
1, 1
1, 1
1, 1
1, 1
1, 1
1, 1
1, 1
1, 1
1, 1
1, 1
1, 1
0.6666667, 0.6666667
1, 1
1, 1
1, 1
1, 1
0, 0
1, 1
1, 1
0.4, 0.4
1, 1
0.3333334, 0.3333334
0.6666667, 0.6666667
1, 1
1, 1
0.6, 0.6
1, 1
1, 1
1, 1
1, 1
1, 1
1, 1
1, 1
1, 1
1, 1
0.6666667, 0.6666667
1, 1
1, 1
0.3333333, 0.3333333
1, 1
1, 1
1, 1
1, 1
1, 1
1, 1
1, 1
1, 1
1, 1
1, 1
1, 1
0.7, 0.7
1, 1
0.6666667, 0.6666667
1, 1
1, 1
1, 1
1, 1
1, 1
1, 1
1, 1
1, 1
1, 1
1, 1
0.3333333, 0.3333333
0.3333333, 0.3333333
1, 1
1, 1
1, 1
1, 1
1, 1
1, 1
1, 1
1, 1
1, 1
1, 1
1, 1
1, 1
1, 1
1, 1
0.5, 0.5
0.3333333, 0.3333333
0.3333333, 0.3333333
1, 1
1, 1
1, 1
1, 1
1, 1
1, 1
1, 1
1, 1
1, 1
1, 1
1, 1
0.6666667, 0.6666667
1, 1
1, 1
1, 1
1, 1
1, 1
1, 1
1, 1
1, 1
1, 1
0.3333334, 0.3333334
1, 1
1, 1
0.4, 0.4
1, 1
1, 1
1, 1
0, 0
0.3333333, 0.3333333
1, 1
1, 1
1, 1
0.6666667, 0.6666667
1, 1
1, 1
0.6666667, 0.6666667
1, 1
1, 1
1, 1
1, 1
1, 1
0.75, 0.75
0.8333334, 0.8333334
1, 1
1, 1
1, 1
0.5, 0.5
0.6, 0.6
1, 1
0.4285714, 0.4285714
1, 1
1, 1
1, 1
0, 0
1, 1
1, 1
1, 1
1, 1
1, 1
1, 1
0.3333334, 0.3333334
1, 1
1, 1
0.4, 0.4
0.6666667, 0.6666667
1, 1
1, 1
1, 1
1, 1
1, 1
1, 1
0.5, 0.5
1, 1
1, 1
0.6666667, 0.6666667
1, 1
1, 1
1, 1
1, 1
1, 1
1, 1
0.4666666, 0.4666666
1, 1
1, 1
1, 1
0.5, 0.5
1, 1
1, 1
-0.5, -0.5
1, 1
1, 1
1, 1
1, 1
1, 1
1, 1
1, 1
1, 1
1, 1
0.6666667, 0.6666667
1, 1
0.6666667, 0.6666667
1, 1
1, 1
0.3333333, 0.3333333
0.5, 0.5
1, 1
1, 1
1, 1
0.3333333, 0.3333333
1, 1
1, 1
1, 1
1, 1
1, 1
1, 1
1, 1
1, 1
1, 1
0.2, 0.2
1, 1
1, 1
1, 1
1, 1
1, 1
1, 1
1, 1
1, 1
-0.3333333, -0.3333333
1, 1
1, 1
1, 1
1, 1
1, 1
1, 1
1, 1
1, 1
1, 1
1, 1
1, 1
0, 0
1, 1
1, 1
1, 1
1, 1
1, 1
1, 1
1, 1
1, 1
1, 1
0.2666667, 0.2666667
1, 1
1, 1
1, 1
1, 1
1, 1
0.3333333, 0.3333333
1, 1
1, 1
0, 0
1, 1
1, 1
1, 1
1, 1
0.5, 0.5
1, 1
1, 1
0.6666667, 0.6666667
0.4666666, 0.4666666
1, 1
0.5, 0.5
0.3333333, 0.3333333
1, 1
1, 1
0.6666667, 0.6666667
1, 1
0.5, 0.5
1, 1
1, 1
0.3333333, 0.3333333
1, 1
1, 1
0, 0
0.6666667, 0.6666667
1, 1
1, 1
1, 1
1, 1
0.3333333, 0.3333333
0.3333333, 0.3333333
1, 1
1, 1
1, 1
1, 1
0.5, 0.5
0.2, 0.2
0.3333334, 0.3333334
1, 1
1, 1
1, 1
1, 1
1, 1
0.3333333, 0.3333333
1, 1
1, 1
1, 1
0.3333333, 0.3333333
1, 1
1, 1
1, 1
1, 1
1, 1
0.75, 0.75
0.25, 0.25
1, 1
1, 1
0.3333333, 0.3333333
1, 1
0.5333333, 0.5333333
0.3333333, 0.3333333
1, 1
1, 1
1, 1
1, 1
0.3333333, 0.3333333
0.1333334, 0.1333334
1, 1
1, 1
0.4666666, 0.4666666
1, 1
0.5, 0.5
1, 1
-0.5, -0.5
1, 1
1, 1
1, 1
1, 1
1, 1
1, 1
1, 1
1, 1
1, 1
0, 0
0.05, 0.05
1, 1
1, 1
1, 1
1, 1
1, 1
0.6666667, 0.6666667
1, 1
1, 1
1, 1
1, 1
1, 1
1, 1
1, 1
1, 1
0.6666667, 0.6666667
0.06666663, 0.06666663
1, 1
1, 1
0.3333333, 0.3333333
0, 0
1, 1
1, 1
0.6, 0.6
0.3333334, 0.3333334
1, 1
1, 1
1, 1
0.5, 0.5
1, 1
1, 1
1, 1
0.3333333, 0.3333333
0.3333333, 0.3333333
0.5, 0.5
0.6666667, 0.6666667
1, 1
1, 1
1, 1
1, 1
1, 1
1, 1
0.6666667, 0.6666667
1, 1
1, 1
1, 1
1, 1
1, 1
1, 1
1, 1
1, 1
1, 1
0.3333333, 0.3333333
1, 1
1, 1
-0.1428571, -0.1428571
0.3333333, 0.3333333
1, 1
1, 1
1, 1
1, 1
1, 1
1, 1
1, 1
1, 1
1, 1
1, 1
1, 1
0.75, 0.75
1, 1
1, 1
1, 1
0.3333333, 0.3333333
1, 1
1, 1
1, 1
1, 1
0.05, 0.05
1, 1
1, 1
0.3333333, 0.3333333
1, 1
1, 1
-0.2, -0.2
1, 1
1, 1
0.6666667, 0.6666667
1, 1
1, 1
1, 1
1, 1
1, 1
1, 1
1, 1
0.3333333, 0.3333333
1, 1
1, 1
1, 1
0.3333333, 0.3333333
-0.5, -0.5
1, 1
1, 1
1, 1
1, 1
0.2, 0.2
1, 1
1, 1
1, 1
1, 1
1, 1
1, 1
1, 1
1, 1
0.6666667, 0.6666667
1, 1
1, 1
1, 1
1, 1
1, 1
0, 0
1, 1
1, 1
1, 1
1, 1
1, 1
1, 1
1, 1
1, 1
1, 1
1, 1
1, 1
1, 1
1, 1
1, 1
1, 1
1, 1
1, 1
1, 1
1, 1
0.6666667, 0.6666667
1, 1
0.3333333, 0.3333333
1, 1
1, 1
0.5, 0.5
0.6666667, 0.6666667
1, 1
1, 1
1, 1
1, 1
1, 1
1, 1
1, 1
1, 1
1, 1
1, 1
1, 1
0, 0
1, 1
1, 1
1, 1
1, 1
1, 1
1, 1
1, 1
1, 1
1, 1
1, 1
1, 1
0.5, 0.5
1, 1
0.5, 0.5
0, 0
1, 1
1, 1
0, 0
0.5, 0.5
1, 1
1, 1
0, 0
0.6666667, 0.6666667
1, 1
0.3333333, 0.3333333
1, 1
1, 1
1, 1
1, 1
1, 1
1, 1
1, 1
1, 1
0, 0
0.75, 0.75
0, 0
1, 1
0.3333333, 0.3333333
1, 1
0, 0
0.3333333, 0.3333333
1, 1
1, 1
0.75, 0.75
1, 1
1, 1
0.75, 0.75
1, 1
0, 0
1, 1
1, 1
1, 1
1, 1
1, 1
1, 1
1, 1
1, 1
1, 1
1, 1
1, 1
1, 1
0.6666667, 0.6666667
0.6666667, 0.6666667
0.6666667, 0.6666667
1, 1
1, 1
1, 1
1, 1
0.6666667, 0.6666667
0.5333333, 0.5333333
0, 0
0, 0
0.3333334, 0.3333334
1, 1
1, 1
0.6666667, 0.6666667
1, 1
1, 1
1, 1
1, 1
1, 1
1, 1
1, 1
1, 1
1, 1
1, 1
1, 1
1, 1
1, 1
1, 1
0.6666667, 0.6666667
1, 1
1, 1
0, 0
0.5, 0.5
1, 1
1, 1
1, 1
1, 1
1, 1
-0.3333333, -0.3333333
0.5, 0.5
0.3428571, 0.3428571
1, 1
1, 1
1, 1
1, 1
0.5, 0.5
1, 1
1, 1
1, 1
1, 1
1, 1
0.5, 0.5
0.3333333, 0.3333333
1, 1
1, 1
1, 1
0.75, 0.75
1, 1
1, 1
0.6666667, 0.6666667
0.1666667, 0.1666667
1, 1
1, 1
1, 1
1, 1
1, 1
1, 1
1, 1
1, 1
1, 1
1, 1
1, 1
0.25, 0.25
1, 1
1, 1
0.8571429, 0.8571429
0.5, 0.5
1, 1
1, 1
0.3333333, 0.3333333
1, 1
1, 1
1, 1
1, 1
1, 1
1, 1
1, 1
1, 1
1, 1
1, 1
1, 1
1, 1
1, 1
1, 1
1, 1
1, 1
0.5, 0.5
1, 1
1, 1
1, 1
1, 1
1, 1
1, 1
0.4, 0.4
0.3333334, 0.3333334
0.3333333, 0.3333333
1, 1
1, 1
1, 1
1, 1
1, 1
1, 1
1, 1
0.5, 0.5
0.3428572, 0.3428572
1, 1
1, 1
0.3333333, 0.3333333
1, 1
0.75, 0.75
1, 1
1, 1
0.5, 0.5
1, 1
1, 1
1, 1
1, 1
1, 1
1, 1
0.7142857, 0.7142857
1, 1
-0.5, -0.5
1, 1
0.6666667, 0.6666667
1, 1
1, 1
1, 1
1, 1
1, 1
1, 1
1, 1
1, 1
1, 1
1, 1
1, 1
1, 1
1, 1
1, 1
1, 1
1, 1
1, 1
1, 1
1, 1
1, 1
0.4, 0.4
0.6666667, 0.6666667
1, 1
1, 1
1, 1
1, 1
0.3333333, 0.3333333
1, 1
1, 1
1, 1
1, 1
1, 1
1, 1
1, 1
1, 1
1, 1
1, 1
1, 1
1, 1
1, 1
1, 1
1, 1
1, 1
1, 1
1, 1
1, 1
0.6666667, 0.6666667
1, 1
1, 1
0.5, 0.5
0.3333334, 0.3333334
1, 1
1, 1
1, 1
1, 1
0.6666667, 0.6666667
1, 1
1, 1
1, 1
1, 1
1, 1
0.6666667, 0.6666667
0.8571429, 0.8571429
1, 1
1, 1
1, 1
1, 1
1, 1
1, 1
0.6666667, 0.6666667
1, 1
0.7142857, 0.7142857
0, 0
1, 1
1, 1
1, 1
1, 1
0.3333334, 0.3333334
0.6666667, 0.6666667
1, 1
1, 1
1, 1
1, 1
1, 1
1, 1
1, 1
1, 1
1, 1
1, 1
0.5, 0.5
1, 1
1, 1
1, 1
0.5, 0.5
1, 1
1, 1
1, 1
0.3333334, 0.3333334
0.6666667, 0.6666667
1, 1
1, 1
1, 1
1, 1
1, 1
1, 1
1, 1
1, 1
1, 1
1, 1
1, 1
1, 1
1, 1
1, 1
0.3333333, 0.3333333
1, 1
1, 1
1, 1
1, 1
1, 1
0.5, 0.5
0.8333334, 0.8333334
0.6666667, 0.6666667
0.6666667, 0.6666667
1, 1
1, 1
0.5, 0.5
0.8333334, 0.8333334
1, 1
1, 1
0.4, 0.4
0.6666666, 0.6666666
1, 1
1, 1
1, 1
1, 1
1, 1
1, 1
1, 1
1, 1
1, 1
1, 1
1, 1
0.6666667, 0.6666667
0.5, 0.5
1, 1
1, 1
1, 1
0.3333333, 0.3333333
0.6666667, 0.6666667
0.5, 0.5
0.5, 0.5
1, 1
1, 1
1, 1
1, 1
0.7333333, 0.7333333
1, 1
1, 1
1, 1
0.4, 0.4
0.8571429, 0.8571429
1, 1
1, 1
0.4, 0.4
1, 1
1, 1
1, 1
1, 1
1, 1
1, 1
1, 1
0.3333333, 0.3333333
0, 0
1, 1
1, 1
1, 1
1, 1
1, 1
1, 1
1, 1
1, 1
1, 1
1, 1
1, 1
0.6666667, 0.6666667
1, 1
1, 1
0.6666667, 0.6666667
0.75, 0.75
1, 1
0.5, 0.5
0, 0
1, 1
1, 1
1, 1
1, 1
1, 1
1, 1
1, 1
1, 1
0.3333334, 0.3333334
0.8333334, 0.8333334
0.5, 0.5
1, 1
0.5, 0.5
1, 1
1, 1
1, 1
1, 1
1, 1
1, 1
1, 1
1, 1
1, 1
1, 1
1, 1
1, 1
0, 0
1, 1
1, 1
0.6666667, 0.6666667
1, 1
0, 0
0.6, 0.6
0.5, 0.5
1, 1
1, 1
1, 1
1, 1
1, 1
1, 1
1, 1
1, 1
1, 1
1, 1
0.75, 0.75
0, 0
0.6666667, 0.6666667
0.8333334, 0.8333334
1, 1
1, 1
1, 1
1, 1
-0.2, -0.2
1, 1
0.8333334, 0.8333334
1, 1
0, 0
1, 1
1, 1
1, 1
0.6666667, 0.6666667
1, 1
1, 1
1, 1
1, 1
0.5, 0.5
1, 1
-0.3333333, -0.3333333
1, 1
1, 1
1, 1
1, 1
1, 1
0.2444444, 0.2444444
0.1666667, 0.1666667
1, 1
1, 1
0.5, 0.5
0.3333334, 0.3333334
0.5, 0.5
1, 1
1, 1
0, 0
0.3333333, 0.3333333
0.5, 0.5
1, 1
1, 1
1, 1
1, 1
1, 1
1, 1
0.6666667, 0.6666667
1, 1
1, 1
1, 1
0.3333333, 0.3333333
0.6, 0.6
1, 1
0.5, 0.5
1, 1
1, 1
1, 1
1, 1
1, 1
1, 1
0.6, 0.6
1, 1
1, 1
1, 1
1, 1
0.6, 0.6
0.5, 0.5
1, 1
1, 1
0.6666667, 0.6666667
0, 0
1, 1
0.5, 0.5
1, 1
0.6666667, 0.6666667
-0.5, -0.5
1, 1
0.6, 0.6
0.4, 0.4
0, 0
0, 0
1, 1
0, 0
0.8333334, 0.8333334
1, 1
1, 1
1, 1
0, 0
1, 1
1, 1
1, 1
1, 1
1, 1
0.5238095, 0.5238095
1, 1
1, 1
1, 1
0.6666667, 0.6666667
1, 1
1, 1
1, 1
0.5, 0.5
0.6, 0.6
1, 1
1, 1
1, 1
0.5, 0.5
0.6666667, 0.6666667
1, 1
1, 1
1, 1
0.3333333, 0.3333333
1, 1
1, 1
1, 1
1, 1
1, 1
1, 1
1, 1
1, 1
1, 1
1, 1
1, 1
1, 1
0.6666667, 0.6666667
1, 1
0.75, 0.75
1, 1
1, 1
1, 1
0.5, 0.5
1, 1
0.3333333, 0.3333333
-0.5, -0.5
1, 1
1, 1
1, 1
1, 1
1, 1
0.5, 0.5
0.8, 0.8
1, 1
1, 1
1, 1
1, 1
1, 1
1, 1
-0.5, -0.5
0.5, 0.5
0, 0
1, 1
0.5, 0.5
1, 1
1, 1
1, 1
1, 1
1, 1
1, 1
1, 1
1, 1
1, 1
1, 1
1, 1
1, 1
0.5, 0.5
0.6666667, 0.6666667
1, 1
0, 0
1, 1
1, 1
1, 1
1, 1
1, 1
1, 1
1, 1
1, 1
1, 1
0.3333333, 0.3333333
0.4, 0.4
1, 1
1, 1
0.2380952, 0.2380952
0, 0
1, 1
1, 1
1, 1
1, 1
1, 1
1, 1
1, 1
1, 1
1, 1
1, 1
1, 1
1, 1
0.5, 0.5
1, 1
0.5, 0.5
1, 1
1, 1
1, 1
1, 1
0.5, 0.5
1, 1
0.5, 0.5
1, 1
1, 1
0, 0
1, 1
1, 1
1, 1
0.6666667, 0.6666667
0.5, 0.5
1, 1
0.6666667, 0.6666667
0.5, 0.5
1, 1
0.3333333, 0.3333333
1, 1
0.1666667, 0.1666667
0.5, 0.5
-0.6666666, -0.6666666
1, 1
1, 1
1, 1
1, 1
-0.6, -0.6
1, 1
0.6666667, 0.6666667
0.6666667, 0.6666667
1, 1
1, 1
0, 0
1, 1
1, 1
1, 1
1, 1
1, 1
0, 0
1, 1
0.75, 0.75
1, 1
1, 1
0, 0
0.6666667, 0.6666667
0.5, 0.5
1, 1
1, 1
1, 1
1, 1
0.5, 0.5
1, 1
0.6666667, 0.6666667
1, 1
1, 1
1, 1
1, 1
1, 1
-0.3333333, -0.3333333
1, 1
1, 1
0.5, 0.5
1, 1
1, 1
1, 1
0.5, 0.5
0, 0
0.6666667, 0.6666667
1, 1
1, 1
1, 1
0.6666667, 0.6666667
1, 1
0.3333334, 0.3333334
0.4, 0.4
1, 1
1, 1
1, 1
1, 1
1, 1
1, 1
1, 1
1, 1
0, 0
1, 1
1, 1
1, 1
1, 1
1, 1
0, 0
0.75, 0.75
1, 1
1, 1
1, 1
0.4, 0.4
1, 1
1, 1
1, 1
1, 1
0.6666667, 0.6666667
0.3333334, 0.3333334
1, 1
1, 1
1, 1
1, 1
1, 1
1, 1
1, 1
1, 1
1, 1
1, 1
1, 1
1, 1
1, 1
1, 1
1, 1
1, 1
1, 1
1, 1
1, 1
1, 1
1, 1
1, 1
0, 0
0.4, 0.4
0, 0
1, 1
1, 1
1, 1
0.5, 0.5
1, 1
1, 1
1, 1
0.5, 0.5
-0.6666666, -0.6666666
1, 1
1, 1
1, 1
1, 1
1, 1
0.6666667, 0.6666667
1, 1
1, 1
1, 1
1, 1
1, 1
1, 1
1, 1
1, 1
1, 1
1, 1
0.5, 0.5
1, 1
1, 1
0.4, 0.4
0, 0
1, 1
1, 1
1, 1
1, 1
1, 1
1, 1
1, 1
1, 1
0.3333333, 0.3333333
1, 1
1, 1
0.6666667, 0.6666667
1, 1
0.6666667, 0.6666667
1, 1
1, 1
1, 1
1, 1
1, 1
1, 1
1, 1
1, 1
1, 1
1, 1
1, 1
1, 1
1, 1
1, 1
1, 1
1, 1
1, 1
1, 1
0.4, 0.4
0.6666667, 0.6666667
1, 1
1, 1
1, 1
1, 1
1, 1
1, 1
1, 1
1, 1
1, 1
1, 1
1, 1
1, 1
1, 1
1, 1
0, 0
1, 1
0.3333333, 0.3333333
1, 1
1, 1
1, 1
1, 1
1, 1
1, 1
1, 1
1, 1
0, 0
0, 0
0.5, 0.5
1, 1
1, 1
1, 1
1, 1
1, 1
1, 1
1, 1
1, 1
1, 1
0.75, 0.75
0.6666667, 0.6666667
0.6666667, 0.6666667
0.3333334, 0.3333334
1, 1
1, 1
1, 1
1, 1
0.6666667, 0.6666667
1, 1
1, 1
1, 1
1, 1
1, 1
0.5, 0.5
0.5, 0.5
1, 1
1, 1
1, 1
1, 1
1, 1
1, 1
1, 1
1, 1
1, 1
0.6666667, 0.6666667
0.6666667, 0.6666667
1, 1
1, 1
-0.5, -0.5
1, 1
1, 1
1, 1
1, 1
1, 1
1, 1
0.5, 0.5
1, 1
0.75, 0.75
-0.2, -0.2
1, 1
1, 1
1, 1
1, 1
0.75, 0.75
0.6666667, 0.6666667
1, 1
1, 1
1, 1
1, 1
1, 1
1, 1
1, 1
1, 1
0.6666667, 0.6666667
1, 1
1, 1
1, 1
1, 1
1, 1
1, 1
1, 1
1, 1
1, 1
1, 1
1, 1
1, 1
1, 1
1, 1
0.4, 0.4
1, 1
1, 1
1, 1
1, 1
1, 1
1, 1
1, 1
1, 1
1, 1
1, 1
1, 1
0.5, 0.5
1, 1
1, 1
1, 1
1, 1
1, 1
1, 1
0.5, 0.5
1, 1
1, 1
1, 1
1, 1
1, 1
1, 1
1, 1
1, 1
1, 1
1, 1
1, 1
0.6666667, 0.6666667
1, 1
1, 1
1, 1
1, 1
0.5, 0.5
1, 1
1, 1
1, 1
1, 1
1, 1
0.75, 0.75
1, 1
1, 1
1, 1
1, 1
1, 1
0.6666667, 0.6666667
1, 1
1, 1
1, 1
1, 1
1, 1
1, 1
1, 1
1, 1
1, 1
1, 1
0.8, 0.8
1, 1
0.2, 0.2
1, 1
1, 1
0.75, 0.75
1, 1
1, 1
1, 1
1, 1
1, 1
0.6666667, 0.6666667
-0.7142857, -0.7142857
0, 0
0.5, 0.5
1, 1
1, 1
1, 1
1, 1
1, 1
0, 0
0.6666667, 0.6666667
1, 1
1, 1
1, 1
0.6666667, 0.6666667
1, 1
0.3333333, 0.3333333
1, 1
1, 1
1, 1
1, 1
1, 1
1, 1
1, 1
0.6666667, 0.6666667
-0.5, -0.5
1, 1
1, 1
1, 1
1, 1
1, 1
1, 1
1, 1
1, 1
0.6666667, 0.6666667
1, 1
1, 1
0, 0
1, 1
1, 1
1, 1
1, 1
1, 1
1, 1
1, 1
1, 1
1, 1
1, 1
1, 1
1, 1
1, 1
1, 1
1, 1
1, 1
1, 1
1, 1
1, 1
1, 1
1, 1
1, 1
1, 1
1, 1
1, 1
1, 1
1, 1
1, 1
1, 1
1, 1
1, 1
1, 1
1, 1
1, 1
1, 1
0, 0
1, 1
0, 0
0, 0
1, 1
1, 1
0, 0
1, 1
0.1666667, 0.1666667
1, 1
1, 1
0.3333334, 0.3333334
1, 1
1, 1
1, 1
1, 1
1, 1
1, 1
0.6666667, 0.6666667
1, 1
1, 1
0.75, 0.75
1, 1
1, 1
0.5, 0.5
0.25, 0.25
1, 1
1, 1
1, 1
1, 1
0.6666667, 0.6666667
1, 1
0.3333333, 0.3333333
1, 1
1, 1
1, 1
1, 1
1, 1
0.75, 0.75
1, 1
1, 1
1, 1
1, 1
1, 1
1, 1
1, 1
1, 1
1, 1
0.6666667, 0.6666667
0.6666667, 0.6666667
0.25, 0.25
1, 1
0.6666667, 0.6666667
1, 1
1, 1
1, 1
1, 1
1, 1
1, 1
1, 1
1, 1
1, 1
1, 1
1, 1
0, 0
0.5, 0.5
1, 1
1, 1
1, 1
-0.1, -0.1
1, 1
1, 1
1, 1
1, 1
1, 1
0.6666667, 0.6666667
1, 1
1, 1
1, 1
1, 1
1, 1
0.6666667, 0.6666667
1, 1
1, 1
1, 1
-0.2, -0.2
1, 1
1, 1
1, 1
1, 1
1, 1
1, 1
1, 1
1, 1
0, 0
1, 1
1, 1
1, 1
0.6666667, 0.6666667
0.3714285, 0.3714285
1, 1
1, 1
1, 1
1, 1
0.75, 0.75
1, 1
1, 1
1, 1
1, 1
1, 1
1, 1
1, 1
1, 1
1, 1
1, 1
1, 1
1, 1
1, 1
1, 1
1, 1
1, 1
1, 1
1, 1
1, 1
1, 1
1, 1
1, 1
1, 1
1, 1
1, 1
1, 1
1, 1
1, 1
1, 1
1, 1
1, 1
0.6666667, 0.6666667
0.4, 0.4
1, 1
1, 1
0, 0
0, 0
0.6666667, 0.6666667
1, 1
0.3333334, 0.3333334
1, 1
1, 1
1, 1
1, 1
1, 1
1, 1
1, 1
1, 1
1, 1
0.6, 0.6
1, 1
1, 1
1, 1
1, 1
1, 1
1, 1
1, 1
1, 1
1, 1
1, 1
0.1666667, 0.1666667
1, 1
1, 1
1, 1
0, 0
-0.3333333, -0.3333333
1, 1
1, 1
1, 1
1, 1
1, 1
1, 1
1, 1
1, 1
1, 1
1, 1
1, 1
1, 1
1, 1
1, 1
1, 1
1, 1
1, 1
1, 1
1, 1
0.6, 0.6
0, 0
1, 1
1, 1
1, 1
1, 1
0.6666667, 0.6666667
1, 1
1, 1
1, 1
1, 1
1, 1
1, 1
1, 1
1, 1
1, 1
1, 1
1, 1
1, 1
1, 1
0.7, 0.7
1, 1
1, 1
1, 1
1, 1
1, 1
1, 1
0.4, 0.4
1, 1
1, 1
1, 1
1, 1
1, 1
0.3333334, 0.3333334
1, 1
1, 1
1, 1
1, 1
0.6666667, 0.6666667
1, 1
1, 1
1, 1
1, 1
1, 1
1, 1
1, 1
1, 1
1, 1
1, 1
1, 1
0.6, 0.6
1, 1
1, 1
1, 1
1, 1
1, 1
1, 1
1, 1
1, 1
0.6, 0.6
1, 1
1, 1
0.75, 0.75
1, 1
1, 1
1, 1
1, 1
1, 1
1, 1
1, 1
1, 1
1, 1
1, 1
1, 1
1, 1
1, 1
0.6666667, 0.6666667
1, 1
1, 1
1, 1
1, 1
1, 1
1, 1
1, 1
1, 1
1, 1
1, 1
1, 1
0.5, 0.5
1, 1
1, 1
1, 1
1, 1
1, 1
1, 1
1, 1
1, 1
1, 1
1, 1
0.5, 0.5
1, 1
1, 1
1, 1
1, 1
0.5, 0.5
0.5, 0.5
1, 1
1, 1
0.5, 0.5
0.5, 0.5
1, 1
0.3333333, 0.3333333
1, 1
0.6666667, 0.6666667
1, 1
1, 1
1, 1
1, 1
1, 1
1, 1
1, 1
1, 1
1, 1
0.2, 0.2
1, 1
1, 1
1, 1
1, 1
1, 1
0.4, 0.4
1, 1
1, 1
0.5, 0.5
1, 1
1, 1
1, 1
1, 1
1, 1
1, 1
0.6666667, 0.6666667
1, 1
1, 1
1, 1
1, 1
1, 1
1, 1
1, 1
1, 1
1, 1
1, 1
0.4, 0.4
1, 1
1, 1
1, 1
1, 1
1, 1
1, 1
1, 1
1, 1
1, 1
1, 1
0.5, 0.5
1, 1
1, 1
1, 1
1, 1
1, 1
1, 1
1, 1
1, 1
1, 1
1, 1
1, 1
1, 1
1, 1
1, 1
1, 1
1, 1
1, 1
1, 1
1, 1
1, 1
1, 1
1, 1
1, 1
1, 1
1, 1
1, 1
1, 1
1, 1
1, 1
1, 1
1, 1
1, 1
1, 1
1, 1
1, 1
1, 1
0, 0
1, 1
1, 1
1, 1
0, 0
1, 1
1, 1
1, 1
1, 1
1, 1
0.6666667, 0.6666667
1, 1
1, 1
-0.5, -0.5
1, 1
-0.5, -0.5
1, 1
1, 1
0.5, 0.5
0, 0
1, 1
1, 1
1, 1
1, 1
0.6666667, 0.6666667
1, 1
1, 1
1, 1
1, 1
1, 1
1, 1
1, 1
1, 1
1, 1
1, 1
1, 1
-0.3333333, -0.3333333
1, 1
1, 1
0.5, 0.5
1, 1
1, 1
1, 1
1, 1
1, 1
1, 1
1, 1
1, 1
1, 1
1, 1
1, 1
1, 1
1, 1
1, 1
0.6, 0.6
1, 1
1, 1
0.6666667, 0.6666667
1, 1
1, 1
1, 1
1, 1
1, 1
1, 1
0.4166667, 0.4166667
1, 1
1, 1
1, 1
1, 1
1, 1
1, 1
0, 0
1, 1
1, 1
1, 1
1, 1
1, 1
1, 1
1, 1
1, 1
1, 1
1, 1
1, 1
1, 1
1, 1
0, 0
1, 1
0.6666667, 0.6666667
1, 1
1, 1
1, 1
1, 1
1, 1
1, 1
1, 1
1, 1
1, 1
1, 1
1, 1
1, 1
-0.35, -0.35
1, 1
1, 1
1, 1
0.2, 0.2
1, 1
1, 1
1, 1
1, 1
0, 0
1, 1
1, 1
1, 1
1, 1
1, 1
1, 1
1, 1
1, 1
1, 1
1, 1
1, 1
1, 1
0.6666667, 0.6666667
0.3333334, 0.3333334
1, 1
1, 1
0.3333334, 0.3333334
1, 1
1, 1
1, 1
1, 1
1, 1
1, 1
0, 0
0.6, 0.6
1, 1
1, 1
1, 1
1, 1
1, 1
0.6666667, 0.6666667
1, 1
1, 1
0.6666667, 0.6666667
1, 1
1, 1
1, 1
0.3333334, 0.3333334
1, 1
1, 1
1, 1
1, 1
1, 1
1, 1
1, 1
1, 1
1, 1
1, 1
1, 1
1, 1
1, 1
1, 1
1, 1
-0.5, -0.5
1, 1
1, 1
1, 1
1, 1
1, 1
1, 1
1, 1
1, 1
1, 1
1, 1
0.6666667, 0.6666667
0.6666667, 0.6666667
1, 1
1, 1
1, 1
1, 1
1, 1
1, 1
-0.3333333, -0.3333333
1, 1
1, 1
1, 1
1, 1
1, 1
1, 1
1, 1
1, 1
1, 1
1, 1
1, 1
1, 1
1, 1
1, 1
1, 1
1, 1
1, 1
1, 1
1, 1
1, 1
1, 1
1, 1
1, 1
1, 1
1, 1
1, 1
1, 1
1, 1
0.6666667, 0.6666667
1, 1
1, 1
1, 1
1, 1
1, 1
1, 1
1, 1
1, 1
1, 1
1, 1
1, 1
1, 1
1, 1
1, 1
1, 1
1, 1
1, 1
1, 1
1, 1
1, 1
1, 1
1, 1
-0.3333333, -0.3333333
1, 1
1, 1
1, 1
1, 1
1, 1
1, 1
1, 1
1, 1
1, 1
1, 1
1, 1
0.4166667, 0.4166667
1, 1
0.3333334, 0.3333334
1, 1
1, 1
1, 1
1, 1
1, 1
1, 1
1, 1
1, 1
1, 1
1, 1
1, 1
1, 1
1, 1
1, 1
1, 1
1, 1
1, 1
1, 1
1, 1
-0.3333333, -0.3333333
1, 1
0.3333333, 0.3333333
1, 1
1, 1
1, 1
1, 1
1, 1
1, 1
1, 1
1, 1
1, 1
1, 1
1, 1
0.6666667, 0.6666667
0.6666667, 0.6666667
1, 1
1, 1
1, 1
1, 1
1, 1
0.6666667, 0.6666667
1, 1
-0.3333333, -0.3333333
1, 1
1, 1
1, 1
1, 1
-0.6666666, -0.6666666
1, 1
1, 1
1, 1
0, 0
0, 0
0.3333333, 0.3333333
1, 1
0.25, 0.25
1, 1
1, 1
1, 1
1, 1
1, 1
1, 1
1, 1
1, 1
1, 1
0, 0
1, 1
1, 1
1, 1
1, 1
1, 1
1, 1
1, 1
1, 1
1, 1
0.6666667, 0.6666667
1, 1
1, 1
1, 1
0.3333333, 0.3333333
0.6666667, 0.6666667
1, 1
1, 1
1, 1
1, 1
1, 1
1, 1
1, 1
1, 1
1, 1
1, 1
0.4, 0.4
1, 1
1, 1
1, 1
1, 1
1, 1
1, 1
1, 1
1, 1
1, 1
1, 1
1, 1
1, 1
1, 1
1, 1
1, 1
1, 1
1, 1
1, 1
1, 1
1, 1
1, 1
1, 1
1, 1
1, 1
1, 1
0.3333334, 0.3333334
1, 1
1, 1
0.3333333, 0.3333333
1, 1
1, 1
1, 1
1, 1
1, 1
1, 1
1, 1
1, 1
1, 1
1, 1
1, 1
1, 1
1, 1
1, 1
1, 1
1, 1
1, 1
0.8, 0.8
0.3333333, 0.3333333
-0.5, -0.5
1, 1
1, 1
1, 1
1, 1
1, 1
1, 1
0, 0
0.3333334, 0.3333334
1, 1
1, 1
1, 1
1, 1
1, 1
1, 1
1, 1
1, 1
1, 1
1, 1
1, 1
1, 1
1, 1
1, 1
1, 1
1, 1
0.3333334, 0.3333334
1, 1
1, 1
1, 1
0.3333334, 0.3333334
1, 1
1, 1
1, 1
1, 1
0.6666667, 0.6666667
1, 1
1, 1
1, 1
1, 1
1, 1
1, 1
1, 1
-0.5, -0.5
1, 1
1, 1
-0.3333333, -0.3333333
1, 1
1, 1
1, 1
1, 1
1, 1
0.5, 0.5
1, 1
1, 1
1, 1
1, 1
1, 1
1, 1
1, 1
0.4, 0.4
1, 1
1, 1
1, 1
0.5, 0.5
0.25, 0.25
1, 1
1, 1
1, 1
1, 1
0, 0
1, 1
1, 1
1, 1
1, 1
1, 1
1, 1
1, 1
1, 1
1, 1
1, 1
1, 1
1, 1
1, 1
1, 1
1, 1
1, 1
1, 1
1, 1
1, 1
1, 1
1, 1
1, 1
1, 1
1, 1
1, 1
1, 1
1, 1
1, 1
1, 1
1, 1
1, 1
1, 1
1, 1
1, 1
1, 1
1, 1
1, 1
0, 0
1, 1
0.4, 0.4
1, 1
1, 1
1, 1
1, 1
1, 1
0.75, 0.75
0.3333333, 0.3333333
1, 1
1, 1
1, 1
1, 1
1, 1
1, 1
1, 1
1, 1
1, 1
1, 1
-0.2, -0.2
1, 1
1, 1
1, 1
1, 1
0.6666667, 0.6666667
0.5, 0.5
1, 1
1, 1
1, 1
1, 1
1, 1
1, 1
1, 1
1, 1
1, 1
0.2, 0.2
1, 1
0.3333333, 0.3333333
1, 1
1, 1
1, 1
1, 1
1, 1
1, 1
1, 1
1, 1
1, 1
1, 1
0.3333333, 0.3333333
1, 1
0.6666667, 0.6666667
1, 1
1, 1
1, 1
1, 1
0, 0
0.25, 0.25
1, 1
1, 1
1, 1
1, 1
1, 1
1, 1
1, 1
1, 1
1, 1
1, 1
1, 1
0.5, 0.5
1, 1
1, 1
1, 1
1, 1
-0.3333333, -0.3333333
1, 1
1, 1
1, 1
1, 1
0.6666667, 0.6666667
0.3333333, 0.3333333
0.3333333, 0.3333333
1, 1
1, 1
1, 1
1, 1
1, 1
1, 1
1, 1
1, 1
1, 1
1, 1
1, 1
1, 1
1, 1
1, 1
0.3333334, 0.3333334
1, 1
1, 1
1, 1
1, 1
1, 1
1, 1
1, 1
1, 1
1, 1
1, 1
1, 1
1, 1
1, 1
1, 1
1, 1
1, 1
1, 1
1, 1
1, 1
1, 1
0.5, 0.5
1, 1
1, 1
1, 1
0.3333333, 0.3333333
0.6, 0.6
1, 1
1, 1
1, 1
1, 1
1, 1
1, 1
1, 1
1, 1
1, 1
1, 1
1, 1
1, 1
1, 1
0.6666667, 0.6666667
1, 1
-0.5, -0.5
1, 1
1, 1
1, 1
0.25, 0.25
0.6666667, 0.6666667
0.3333333, 0.3333333
1, 1
1, 1
1, 1
1, 1
1, 1
1, 1
1, 1
1, 1
1, 1
1, 1
1, 1
1, 1
0.1666667, 0.1666667
1, 1
1, 1
1, 1
0.4, 0.4
1, 1
1, 1
1, 1
1, 1
0.5, 0.5
1, 1
1, 1
1, 1
1, 1
0, 0
1, 1
1, 1
1, 1
1, 1
1, 1
0, 0
1, 1
1, 1
1, 1
1, 1
1, 1
1, 1
1, 1
1, 1
0.75, 0.75
1, 1
1, 1
1, 1
1, 1
1, 1
1, 1
1, 1
0.3333334, 0.3333334
0.3333334, 0.3333334
1, 1
1, 1
1, 1
0.3333333, 0.3333333
1, 1
0, 0
1, 1
1, 1
1, 1
1, 1
1, 1
1, 1
1, 1
1, 1
1, 1
1, 1
0.5, 0.5
1, 1
1, 1
0.6666667, 0.6666667
0.5, 0.5
1, 1
1, 1
1, 1
1, 1
1, 1
1, 1
1, 1
1, 1
1, 1
1, 1
1, 1
1, 1
1, 1
1, 1
1, 1
1, 1
1, 1
1, 1
1, 1
1, 1
1, 1
1, 1
1, 1
1, 1
1, 1
1, 1
1, 1
1, 1
1, 1
1, 1
1, 1
1, 1
1, 1
1, 1
1, 1
-0.3333333, -0.3333333
1, 1
1, 1
1, 1
1, 1
1, 1
1, 1
1, 1
1, 1
0.6666667, 0.6666667
1, 1
1, 1
0.6666667, 0.6666667
1, 1
1, 1
1, 1
1, 1
1, 1
1, 1
1, 1
1, 1
1, 1
1, 1
0.6666667, 0.6666667
1, 1
1, 1
1, 1
1, 1
1, 1
0.75, 0.75
1, 1
1, 1
1, 1
1, 1
1, 1
1, 1
1, 1
1, 1
1, 1
1, 1
1, 1
1, 1
1, 1
1, 1
1, 1
1, 1
1, 1
1, 1
1, 1
1, 1
1, 1
1, 1
1, 1
1, 1
1, 1
1, 1
1, 1
1, 1
1, 1
1, 1
1, 1
0.3, 0.3
1, 1
1, 1
1, 1
1, 1
1, 1
1, 1
1, 1
0.6666667, 0.6666667
1, 1
1, 1
1, 1
1, 1
1, 1
1, 1
1, 1
1, 1
1, 1
1, 1
1, 1
1, 1
1, 1
1, 1
1, 1
1, 1
1, 1
1, 1
1, 1
1, 1
1, 1
1, 1
0.6666667, 0.6666667
1, 1
1, 1
1, 1
1, 1
1, 1
1, 1
1, 1
1, 1
1, 1
1, 1
1, 1
1, 1
1, 1
1, 1
1, 1
1, 1
1, 1
1, 1
1, 1
1, 1
1, 1
1, 1
1, 1
1, 1
1, 1
1, 1
0.3333333, 0.3333333
1, 1
1, 1
1, 1
1, 1
1, 1
1, 1
1, 1
1, 1
1, 1
1, 1
1, 1
1, 1
1, 1
1, 1
1, 1
1, 1
1, 1
1, 1
1, 1
1, 1
1, 1
1, 1
1, 1
1, 1
1, 1
1, 1
0.3809524, 0.3809524
0.6666667, 0.6666667
1, 1
1, 1
1, 1
1, 1
1, 1
1, 1
1, 1
1, 1
1, 1
1, 1
1, 1
1, 1
1, 1
1, 1
-0.2, -0.2
1, 1
1, 1
0.5, 0.5
1, 1
1, 1
1, 1
1, 1
1, 1
1, 1
1, 1
1, 1
0.3333334, 0.3333334
1, 1
1, 1
1, 1
1, 1
1, 1
1, 1
1, 1
1, 1
1, 1
1, 1
1, 1
1, 1
1, 1
1, 1
0.6666667, 0.6666667
0.7333333, 0.7333333
1, 1
1, 1
1, 1
1, 1
0.3333333, 0.3333333
1, 1
1, 1
0.6666667, 0.6666667
1, 1
1, 1
1, 1
1, 1
1, 1
1, 1
1, 1
1, 1
1, 1
1, 1
1, 1
1, 1
0.5, 0.5
1, 1
1, 1
1, 1
0.8, 0.8
1, 1
1, 1
1, 1
0.3333334, 0.3333334
1, 1
1, 1
1, 1
1, 1
1, 1
1, 1
1, 1
1, 1
1, 1
0.6666667, 0.6666667
1, 1
0.6666667, 0.6666667
1, 1
1, 1
1, 1
1, 1
1, 1
1, 1
1, 1
1, 1
1, 1
1, 1
1, 1
1, 1
1, 1
0.6666667, 0.6666667
1, 1
1, 1
1, 1
1, 1
-0.25, -0.25
0.6666667, 0.6666667
1, 1
1, 1
1, 1
1, 1
1, 1
1, 1
1, 1
1, 1
1, 1
1, 1
1, 1
0.7142857, 0.7142857
1, 1
1, 1
0.3333334, 0.3333334
0.3333334, 0.3333334
0.5, 0.5
0.4666667, 0.4666667
1, 1
-0.2, -0.2
0.6666667, 0.6666667
1, 1
1, 1
1, 1
1, 1
1, 1
1, 1
1, 1
1, 1
0.5, 0.5
1, 1
1, 1
1, 1
-0.3333333, -0.3333333
0.6666667, 0.6666667
0.5, 0.5
1, 1
0.6666667, 0.6666667
1, 1
1, 1
1, 1
0.6666667, 0.6666667
1, 1
1, 1
1, 1
1, 1
1, 1
0.6666667, 0.6666667
1, 1
1, 1
1, 1
1, 1
1, 1
1, 1
1, 1
0.5, 0.5
1, 1
1, 1
1, 1
1, 1
1, 1
1, 1
1, 1
1, 1
0.3333333, 0.3333333
0.6666667, 0.6666667
0, 0
1, 1
1, 1
1, 1
1, 1
1, 1
0.5, 0.5
1, 1
1, 1
1, 1
1, 1
1, 1
1, 1
1, 1
1, 1
1, 1
0.5, 0.5
0.3333333, 0.3333333
1, 1
1, 1
1, 1
1, 1
1, 1
1, 1
0.6666667, 0.6666667
1, 1
1, 1
1, 1
1, 1
1, 1
1, 1
1, 1
1, 1
1, 1
1, 1
1, 1
1, 1
1, 1
1, 1
1, 1
1, 1
1, 1
1, 1
0, 0
0.6666667, 0.6666667
1, 1
1, 1
1, 1
1, 1
1, 1
1, 1
1, 1
1, 1
1, 1
1, 1
1, 1
1, 1
1, 1
0.1666667, 0.1666667
1, 1
1, 1
1, 1
1, 1
1, 1
0, 0
0.5, 0.5
1, 1
1, 1
1, 1
-0.3333333, -0.3333333
1, 1
-0.3333333, -0.3333333
1, 1
1, 1
1, 1
1, 1
-0.3333333, -0.3333333
1, 1
1, 1
1, 1
1, 1
0.5, 0.5
1, 1
1, 1
1, 1
1, 1
1, 1
1, 1
1, 1
1, 1
1, 1
0.5, 0.5
1, 1
1, 1
-0.5, -0.5
1, 1
1, 1
1, 1
1, 1
1, 1
1, 1
1, 1
1, 1
1, 1
0.75, 0.75
0.4, 0.4
0.5, 0.5
1, 1
0, 0
1, 1
0.6666667, 0.6666667
0.6666667, 0.6666667
1, 1
1, 1
0.4166667, 0.4166667
1, 1
1, 1
1, 1
1, 1
1, 1
1, 1
-0.5, -0.5
1, 1
1, 1
0, 0
1, 1
1, 1
1, 1
1, 1
1, 1
1, 1
1, 1
1, 1
1, 1
1, 1
1, 1
0, 0
1, 1
0.75, 0.75
1, 1
1, 1
1, 1
1, 1
1, 1
1, 1
1, 1
0.6666667, 0.6666667
1, 1
1, 1
1, 1
1, 1
-0.4285714, -0.4285714
1, 1
1, 1
1, 1
0, 0
1, 1
1, 1
1, 1
1, 1
1, 1
1, 1
0.6666667, 0.6666667
0.6666667, 0.6666667
0.75, 0.75
1, 1
1, 1
1, 1
1, 1
1, 1
1, 1
1, 1
1, 1
1, 1
1, 1
1, 1
1, 1
1, 1
1, 1
1, 1
1, 1
1, 1
1, 1
1, 1
1, 1
1, 1
0.5, 0.5
0, 0
1, 1
1, 1
1, 1
0, 0
1, 1
0.6666667, 0.6666667
0.75, 0.75
1, 1
1, 1
1, 1
1, 1
1, 1
1, 1
1, 1
1, 1
1, 1
1, 1
1, 1
1, 1
1, 1
1, 1
1, 1
1, 1
1, 1
1, 1
1, 1
1, 1
1, 1
0, 0
1, 1
1, 1
1, 1
1, 1
1, 1
1, 1
1, 1
-0.3333333, -0.3333333
0.6666667, 0.6666667
1, 1
1, 1
1, 1
1, 1
1, 1
1, 1
-0.6666666, -0.6666666
1, 1
1, 1
1, 1
0.6666667, 0.6666667
0.6666667, 0.6666667
1, 1
1, 1
0.75, 0.75
1, 1
1, 1
1, 1
1, 1
1, 1
1, 1
1, 1
1, 1
1, 1
1, 1
1, 1
0.4, 0.4
1, 1
1, 1
1, 1
1, 1
1, 1
0.3333334, 0.3333334
1, 1
1, 1
1, 1
1, 1
1, 1
1, 1
1, 1
1, 1
1, 1
1, 1
1, 1
1, 1
1, 1
1, 1
0, 0
1, 1
1, 1
1, 1
1, 1
1, 1
1, 1
1, 1
1, 1
1, 1
1, 1
1, 1
1, 1
1, 1
1, 1
1, 1
1, 1
1, 1
1, 1
1, 1
1, 1
1, 1
1, 1
1, 1
0.6666667, 0.6666667
1, 1
1, 1
1, 1
1, 1
1, 1
1, 1
1, 1
1, 1
0.5, 0.5
1, 1
1, 1
1, 1
1, 1
1, 1
0.6666667, 0.6666667
0.6666667, 0.6666667
0.4, 0.4
1, 1
1, 1
1, 1
1, 1
1, 1
1, 1
1, 1
1, 1
0.6, 0.6
1, 1
1, 1
1, 1
1, 1
1, 1
1, 1
1, 1
1, 1
1, 1
1, 1
1, 1
1, 1
1, 1
1, 1
0.3333333, 0.3333333
1, 1
1, 1
1, 1
0, 0
1, 1
1, 1
1, 1
1, 1
1, 1
1, 1
1, 1
1, 1
1, 1
1, 1
1, 1
1, 1
1, 1
1, 1
0, 0
1, 1
1, 1
1, 1
0.6666667, 0.6666667
1, 1
1, 1
1, 1
1, 1
1, 1
1, 1
1, 1
1, 1
1, 1
1, 1
0.3333333, 0.3333333
1, 1
1, 1
1, 1
1, 1
0.6666667, 0.6666667
1, 1
1, 1
0.6666667, 0.6666667
0.6666667, 0.6666667
1, 1
1, 1
1, 1
1, 1
0.5, 0.5
1, 1
0.2857143, 0.2857143
1, 1
1, 1
1, 1
1, 1
1, 1
1, 1
0, 0
1, 1
1, 1
1, 1
0.6666667, 0.6666667
1, 1
1, 1
1, 1
1, 1
1, 1
1, 1
1, 1
1, 1
1, 1
1, 1
0.25, 0.25
1, 1
1, 1
1, 1
1, 1
1, 1
0.5, 0.5
0.6666667, 0.6666667
0.6666667, 0.6666667
1, 1
1, 1
1, 1
1, 1
1, 1
1, 1
1, 1
1, 1
1, 1
1, 1
1, 1
1, 1
1, 1
1, 1
0.8333334, 0.8333334
1, 1
1, 1
0, 0
1, 1
1, 1
1, 1
1, 1
1, 1
1, 1
1, 1
1, 1
1, 1
1, 1
1, 1
1, 1
0.6666667, 0.6666667
1, 1
1, 1
0.6666667, 0.6666667
0.6666667, 0.6666667
1, 1
1, 1
1, 1
0.3333333, 0.3333333
1, 1
0.8, 0.8
1, 1
1, 1
0, 0
0.6666667, 0.6666667
0.2857143, 0.2857143
0.6666667, 0.6666667
0.2, 0.2
0.1666667, 0.1666667
1, 1
1, 1
1, 1
1, 1
1, 1
1, 1
1, 1
1, 1
0.6666667, 0.6666667
1, 1
1, 1
1, 1
1, 1
1, 1
1, 1
1, 1
1, 1
1, 1
1, 1
1, 1
1, 1
0.8, 0.8
1, 1
1, 1
0.8333334, 0.8333334
1, 1
0.8, 0.8
0.6666667, 0.6666667
0, 0
0, 0
0.6666667, 0.6666667
1, 1
1, 1
1, 1
1, 1
1, 1
1, 1
1, 1
1, 1
0.6666667, 0.6666667
1, 1
1, 1
1, 1
1, 1
1, 1
0, 0
1, 1
0.6666667, 0.6666667
1, 1
1, 1
0.3333333, 0.3333333
1, 1
1, 1
1, 1
0, 0
0.5, 0.5
1, 1
0.75, 0.75
1, 1
0.6666667, 0.6666667
1, 1
1, 1
1, 1
1, 1
1, 1
1, 1
1, 1
1, 1
1, 1
1, 1
1, 1
1, 1
1, 1
1, 1
1, 1
1, 1
1, 1
1, 1
1, 1
1, 1
1, 1
1, 1
1, 1
1, 1
1, 1
1, 1
1, 1
1, 1
0.8, 0.8
0.6666667, 0.6666667
1, 1
1, 1
1, 1
1, 1
1, 1
0.2, 0.2
1, 1
0.8, 0.8
1, 1
1, 1
1, 1
0.8333334, 0.8333334
1, 1
0.6666667, 0.6666667
1, 1
1, 1
1, 1
1, 1
1, 1
1, 1
1, 1
0.4166667, 0.4166667
1, 1
0, 0
1, 1
0.8, 0.8
1, 1
1, 1
1, 1
0.25, 0.25
1, 1
1, 1
1, 1
0.5, 0.5
1, 1
1, 1
0.6666667, 0.6666667
1, 1
0, 0
1, 1
1, 1
1, 1
1, 1
1, 1
1, 1
1, 1
0.6666667, 0.6666667
1, 1
1, 1
1, 1
1, 1
0.6666667, 0.6666667
1, 1
1, 1
1, 1
1, 1
1, 1
1, 1
0.3333333, 0.3333333
1, 1
1, 1
1, 1
0, 0
0.6666667, 0.6666667
1, 1
1, 1
1, 1
1, 1
1, 1
1, 1
0.5, 0.5
0.2, 0.2
0.3333333, 0.3333333
1, 1
0, 0
0.3333333, 0.3333333
1, 1
1, 1
1, 1
1, 1
0.6666667, 0.6666667
1, 1
1, 1
1, 1
1, 1
1, 1
1, 1
1, 1
1, 1
1, 1
0.5, 0.5
1, 1
1, 1
1, 1
1, 1
1, 1
1, 1
1, 1
1, 1
1, 1
1, 1
1, 1
1, 1
1, 1
1, 1
1, 1
1, 1
0.3333333, 0.3333333
0.6666667, 0.6666667
1, 1
1, 1
1, 1
1, 1
1, 1
1, 1
1, 1
1, 1
0.8, 0.8
1, 1
1, 1
1, 1
1, 1
0.6666667, 0.6666667
0.6666667, 0.6666667
0.6666667, 0.6666667
1, 1
1, 1
1, 1
0.8, 0.8
1, 1
1, 1
1, 1
1, 1
1, 1
1, 1
1, 1
1, 1
0.8333334, 0.8333334
1, 1
1, 1
0.6666667, 0.6666667
0.8, 0.8
1, 1
1, 1
1, 1
1, 1
1, 1
1, 1
0.5, 0.5
1, 1
0.3333333, 0.3333333
1, 1
0.6666667, 0.6666667
0.1666667, 0.1666667
1, 1
0, 0
1, 1
0, 0
1, 1
0.5, 0.5
1, 1
0, 0
0.8333334, 0.8333334
1, 1
1, 1
0.6666667, 0.6666667
-0.6, -0.6
1, 1
1, 1
1, 1
1, 1
1, 1
1, 1
1, 1
1, 1
1, 1
1, 1
1, 1
1, 1
1, 1
1, 1
1, 1
1, 1
1, 1
1, 1
1, 1
1, 1
1, 1
1, 1
1, 1
1, 1
1, 1
1, 1
1, 1
0.6666667, 0.6666667
-0.6, -0.6
1, 1
1, 1
0.5, 0.5
1, 1
1, 1
1, 1
1, 1
1, 1
1, 1
1, 1
1, 1
1, 1
1, 1
1, 1
1, 1
0.6666667, 0.6666667
1, 1
1, 1
1, 1
1, 1
1, 1
1, 1
1, 1
1, 1
1, 1
1, 1
0.5, 0.5
1, 1
1, 1
1, 1
1, 1
0, 0
1, 1
1, 1
1, 1
1, 1
1, 1
1, 1
0.75, 0.75
1, 1
1, 1
1, 1
0.6666667, 0.6666667
1, 1
0.6666667, 0.6666667
0.8, 0.8
0.5, 0.5
0.8333334, 0.8333334
1, 1
1, 1
1, 1
1, 1
0.5, 0.5
1, 1
0.6666667, 0.6666667
0.6666667, 0.6666667
0.5, 0.5
0.6666667, 0.6666667
1, 1
1, 1
0.6666667, 0.6666667
1, 1
1, 1
1, 1
1, 1
1, 1
1, 1
1, 1
0.4, 0.4
0.5, 0.5
1, 1
1, 1
1, 1
1, 1
0.6666667, 0.6666667
0.1666667, 0.1666667
1, 1
1, 1
0.6666667, 0.6666667
0.6666667, 0.6666667
1, 1
0.3333333, 0.3333333
1, 1
0, 0
1, 1
-0.3333333, -0.3333333
0, 0
0.5, 0.5
1, 1
1, 1
1, 1
0.05, 0.05
1, 1
1, 1
0, 0
1, 1
1, 1
1, 1
0.6666667, 0.6666667
1, 1
0.6666667, 0.6666667
1, 1
1, 1
1, 1
0.3333333, 0.3333333
1, 1
1, 1
1, 1
0.6666667, 0.6666667
1, 1
0.6666667, 0.6666667
1, 1
1, 1
0.8, 0.8
0.75, 0.75
1, 1
1, 1
1, 1
1, 1
1, 1
0.5, 0.5
0.375, 0.375
1, 1
1, 1
1, 1
1, 1
1, 1
1, 1
1, 1
0.5, 0.5
1, 1
1, 1
1, 1
1, 1
1, 1
1, 1
1, 1
1, 1
0.3333333, 0.3333333
0, 0
1, 1
0, 0
-0.7777778, -0.7777778
1, 1
1, 1
1, 1
-0.3333333, -0.3333333
1, 1
0.3333333, 0.3333333
1, 1
1, 1
1, 1
0.3333334, 0.3333334
0.6666667, 0.6666667
1, 1
0.8333334, 0.8333334
1, 1
1, 1
1, 1
0.4666666, 0.4666666
1, 1
1, 1
1, 1
1, 1
1, 1
1, 1
1, 1
-0.7142857, -0.7142857
1, 1
1, 1
0.6666667, 0.6666667
0.6666667, 0.6666667
1, 1
0.75, 0.75
1, 1
1, 1
0.5, 0.5
1, 1
0.6666667, 0.6666667
0.5, 0.5
1, 1
1, 1
1, 1
1, 1
1, 1
1, 1
1, 1
1, 1
0.1666667, 0.1666667
1, 1
1, 1
1, 1
1, 1
1, 1
1, 1
1, 1
1, 1
1, 1
1, 1
1, 1
0.5, 0.5
0, 0
1, 1
1, 1
0.3333333, 0.3333333
1, 1
1, 1
1, 1
1, 1
1, 1
1, 1
1, 1
1, 1
1, 1
1, 1
1, 1
1, 1
0.1666667, 0.1666667
1, 1
0.5, 0.5
1, 1
1, 1
1, 1
1, 1
1, 1
1, 1
0.3333333, 0.3333333
1, 1
1, 1
1, 1
0.6666667, 0.6666667
0.6666667, 0.6666667
1, 1
1, 1
1, 1
1, 1
1, 1
0.3333333, 0.3333333
1, 1
0.6666667, 0.6666667
1, 1
1, 1
1, 1
1, 1
0.75, 0.75
1, 1
1, 1
0.25, 0.25
1, 1
1, 1
1, 1
1, 1
1, 1
1, 1
1, 1
1, 1
1, 1
1, 1
1, 1
1, 1
1, 1
1, 1
0, 0
1, 1
1, 1
1, 1
0.6666667, 0.6666667
1, 1
1, 1
-0.3333333, -0.3333333
1, 1
1, 1
1, 1
1, 1
1, 1
1, 1
1, 1
1, 1
1, 1
1, 1
0.5, 0.5
0.6666667, 0.6666667
1, 1
1, 1
1, 1
0.6666667, 0.6666667
1, 1
1, 1
1, 1
1, 1
-0.1666667, -0.1666667
1, 1
1, 1
1, 1
1, 1
1, 1
1, 1
1, 1
1, 1
1, 1
0.7142857, 0.7142857
0.1666667, 0.1666667
1, 1
1, 1
0.6666667, 0.6666667
0.6666667, 0.6666667
1, 1
1, 1
0.6666667, 0.6666667
1, 1
0, 0
0.6666667, 0.6666667
1, 1
0.4166667, 0.4166667
1, 1
1, 1
1, 1
1, 1
1, 1
1, 1
1, 1
1, 1
1, 1
0.3333333, 0.3333333
1, 1
1, 1
0.6666667, 0.6666667
1, 1
0.6666667, 0.6666667
1, 1
1, 1
1, 1
1, 1
1, 1
1, 1
1, 1
1, 1
1, 1
1, 1
1, 1
0.5, 0.5
0, 0
1, 1
-0.2, -0.2
1, 1
1, 1
1, 1
1, 1
1, 1
1, 1
1, 1
1, 1
1, 1
0.3333334, 0.3333334
1, 1
1, 1
1, 1
1, 1
1, 1
1, 1
1, 1
1, 1
1, 1
1, 1
0.6666667, 0.6666667
1, 1
1, 1
0.6666667, 0.6666667
1, 1
1, 1
1, 1
1, 1
0.6666667, 0.6666667
1, 1
1, 1
0.8333334, 0.8333334
1, 1
1, 1
1, 1
1, 1
1, 1
1, 1
1, 1
1, 1
1, 1
1, 1
1, 1
1, 1
1, 1
1, 1
1, 1
1, 1
1, 1
1, 1
1, 1
1, 1
1, 1
0.1666667, 0.1666667
0, 0
0.6666667, 0.6666667
1, 1
1, 1
1, 1
1, 1
1, 1
1, 1
0.6666667, 0.6666667
1, 1
1, 1
1, 1
1, 1
0.4, 0.4
0.1666667, 0.1666667
1, 1
1, 1
1, 1
1, 1
1, 1
1, 1
1, 1
0.4, 0.4
1, 1
1, 1
1, 1
1, 1
1, 1
1, 1
0.1666667, 0.1666667
1, 1
1, 1
1, 1
1, 1
1, 1
0.4, 0.4
1, 1
1, 1
1, 1
1, 1
1, 1
1, 1
1, 1
1, 1
1, 1
1, 1
1, 1
1, 1
1, 1
1, 1
1, 1
1, 1
1, 1
0.5, 0.5
1, 1
1, 1
1, 1
1, 1
0.8, 0.8
0.6666667, 0.6666667
0.2, 0.2
0, 0
1, 1
1, 1
1, 1
1, 1
1, 1
1, 1
1, 1
1, 1
0.6666667, 0.6666667
1, 1
1, 1
1, 1
0.4444444, 0.4444444
0.6666667, 0.6666667
1, 1
0.7142857, 0.7142857
0.6666667, 0.6666667
1, 1
0.7142857, 0.7142857
-0.3333333, -0.3333333
1, 1
0, 0
1, 1
1, 1
1, 1
1, 1
0.3333333, 0.3333333
1, 1
1, 1
1, 1
0.25, 0.25
1, 1
1, 1
1, 1
0.6666667, 0.6666667
1, 1
1, 1
1, 1
1, 1
0.6666667, 0.6666667
1, 1
1, 1
0.3333333, 0.3333333
0.7142857, 0.7142857
1, 1
1, 1
1, 1
1, 1
1, 1
1, 1
1, 1
1, 1
0, 0
0.6666667, 0.6666667
1, 1
1, 1
1, 1
1, 1
0.5, 0.5
1, 1
1, 1
1, 1
1, 1
1, 1
1, 1
1, 1
0.6666667, 0.6666667
1, 1
1, 1
1, 1
1, 1
1, 1
1, 1
0.6666667, 0.6666667
1, 1
1, 1
0.25, 0.25
0, 0
1, 1
1, 1
1, 1
1, 1
1, 1
1, 1
0.6666667, 0.6666667
1, 1
1, 1
1, 1
1, 1
1, 1
1, 1
1, 1
1, 1
1, 1
1, 1
1, 1
1, 1
1, 1
1, 1
1, 1
1, 1
1, 1
0.6666667, 0.6666667
0.6666667, 0.6666667
1, 1
1, 1
0.4, 0.4
1, 1
1, 1
0.4, 0.4
1, 1
0.3333333, 0.3333333
1, 1
1, 1
1, 1
0.75, 0.75
1, 1
1, 1
1, 1
0, 0
1, 1
1, 1
0.8, 0.8
1, 1
1, 1
1, 1
1, 1
0, 0
1, 1
1, 1
0.3, 0.3
1, 1
1, 1
1, 1
0.75, 0.75
0.5, 0.5
1, 1
1, 1
1, 1
1, 1
1, 1
1, 1
1, 1
1, 1
1, 1
1, 1
0.6666667, 0.6666667
0.6666667, 0.6666667
0, 0
0.3333333, 0.3333333
1, 1
1, 1
1, 1
1, 1
1, 1
1, 1
1, 1
0.6666667, 0.6666667
1, 1
1, 1
1, 1
1, 1
1, 1
1, 1
0.6666667, 0.6666667
1, 1
1, 1
1, 1
1, 1
1, 1
1, 1
1, 1
0.2857143, 0.2857143
1, 1
1, 1
0.4, 0.4
1, 1
1, 1
0, 0
0.6666667, 0.6666667
1, 1
1, 1
1, 1
0.5, 0.5
0, 0
0, 0
1, 1
1, 1
1, 1
1, 1
1, 1
0.6666667, 0.6666667
1, 1
1, 1
0, 0
0, 0
1, 1
0.6666667, 0.6666667
1, 1
1, 1
0.6666667, 0.6666667
1, 1
1, 1
1, 1
1, 1
1, 1
0.6, 0.6
1, 1
1, 1
0.4, 0.4
1, 1
1, 1
0.6666667, 0.6666667
0, 0
1, 1
1, 1
1, 1
-0.5, -0.5
1, 1
1, 1
1, 1
0.6666667, 0.6666667
1, 1
1, 1
0.6666667, 0.6666667
0.5, 0.5
1, 1
1, 1
1, 1
0, 0
0, 0
1, 1
1, 1
1, 1
0.25, 0.25
1, 1
1, 1
1, 1
1, 1
1, 1
1, 1
1, 1
1, 1
1, 1
1, 1
1, 1
1, 1
0.6666667, 0.6666667
1, 1
1, 1
1, 1
1, 1
0.6666667, 0.6666667
1, 1
1, 1
1, 1
0.3333333, 0.3333333
0.3333333, 0.3333333
0, 0
0, 0
0.5, 0.5
1, 1
1, 1
1, 1
1, 1
1, 1
1, 1
1, 1
1, 1
1, 1
1, 1
1, 1
1, 1
0.6666667, 0.6666667
1, 1
1, 1
1, 1
1, 1
1, 1
1, 1
1, 1
1, 1
1, 1
1, 1
1, 1
1, 1
0, 0
0.4666666, 0.4666666
1, 1
1, 1
1, 1
1, 1
0.4, 0.4
1, 1
0, 0
1, 1
1, 1
1, 1
0, 0
0.5, 0.5
1, 1
0.6666667, 0.6666667
0.5, 0.5
0.6666667, 0.6666667
1, 1
1, 1
1, 1
1, 1
1, 1
1, 1
1, 1
0.6666667, 0.6666667
1, 1
0.5, 0.5
1, 1
1, 1
1, 1
0.6666667, 0.6666667
1, 1
1, 1
0.6666667, 0.6666667
1, 1
1, 1
1, 1
0.5, 0.5
1, 1
1, 1
1, 1
1, 1
1, 1
1, 1
0, 0
1, 1
1, 1
1, 1
1, 1
1, 1
1, 1
0, 0
0.5, 0.5
1, 1
1, 1
1, 1
1, 1
1, 1
1, 1
0.6666667, 0.6666667
1, 1
1, 1
1, 1
0.5, 0.5
0.6666667, 0.6666667
1, 1
1, 1
1, 1
0.6666667, 0.6666667
1, 1
0.3333333, 0.3333333
0.6666667, 0.6666667
-0.3333333, -0.3333333
0.3333333, 0.3333333
0, 0
1, 1
1, 1
1, 1
1, 1
0.5, 0.5
1, 1
1, 1
1, 1
1, 1
0.6666667, 0.6666667
1, 1
1, 1
1, 1
1, 1
0.6666667, 0.6666667
1, 1
1, 1
0.3333333, 0.3333333
1, 1
1, 1
1, 1
1, 1
1, 1
1, 1
1, 1
1, 1
1, 1
0.6666667, 0.6666667
1, 1
1, 1
1, 1
1, 1
0.5, 0.5
0.5, 0.5
1, 1
1, 1
1, 1
1, 1
1, 1
1, 1
1, 1
1, 1
1, 1
0.6666667, 0.6666667
0, 0
0.3333333, 0.3333333
1, 1
1, 1
1, 1
1, 1
1, 1
0.5, 0.5
0.5, 0.5
0, 0
1, 1
1, 1
1, 1
1, 1
1, 1
1, 1
1, 1
1, 1
1, 1
1, 1
-0.2, -0.2
1, 1
1, 1
0.3333333, 0.3333333
0.3333334, 0.3333334
0.6666667, 0.6666667
0.3333334, 0.3333334
1, 1
1, 1
1, 1
0.5, 0.5
1, 1
1, 1
1, 1
1, 1
1, 1
1, 1
1, 1
1, 1
1, 1
0.6666667, 0.6666667
1, 1
1, 1
0.6666667, 0.6666667
1, 1
1, 1
1, 1
1, 1
1, 1
1, 1
1, 1
1, 1
0.6666667, 0.6666667
0.3333334, 0.3333334
0.5, 0.5
1, 1
1, 1
1, 1
1, 1
1, 1
1, 1
1, 1
1, 1
1, 1
1, 1
1, 1
1, 1
1, 1
1, 1
0.5, 0.5
0, 0
1, 1
1, 1
1, 1
1, 1
1, 1
0.6666667, 0.6666667
1, 1
1, 1
1, 1
1, 1
0, 0
1, 1
1, 1
1, 1
1, 1
1, 1
1, 1
1, 1
1, 1
1, 1
1, 1
1, 1
1, 1
1, 1
1, 1
1, 1
1, 1
1, 1
1, 1
0.6666667, 0.6666667
1, 1
1, 1
0, 0
1, 1
1, 1
1, 1
1, 1
0.5, 0.5
1, 1
0.1666667, 0.1666667
1, 1
1, 1
1, 1
0, 0
0, 0
1, 1
1, 1
1, 1
1, 1
1, 1
0.6666667, 0.6666667
1, 1
0.6666667, 0.6666667
1, 1
1, 1
1, 1
0.3333333, 0.3333333
0.4, 0.4
1, 1
1, 1
1, 1
1, 1
0.6666667, 0.6666667
1, 1
1, 1
0.3333333, 0.3333333
1, 1
1, 1
1, 1
1, 1
0.5, 0.5
1, 1
1, 1
1, 1
0.5, 0.5
1, 1
1, 1
1, 1
1, 1
0.6666667, 0.6666667
1, 1
1, 1
0.6666667, 0.6666667
0.6666667, 0.6666667
1, 1
0.6666667, 0.6666667
0, 0
0, 0
0.1666667, 0.1666667
1, 1
0.3333334, 0.3333334
1, 1
1, 1
1, 1
1, 1
1, 1
1, 1
0.6666667, 0.6666667
1, 1
1, 1
1, 1
1, 1
0.6666667, 0.6666667
1, 1
1, 1
1, 1
1, 1
1, 1
1, 1
1, 1
1, 1
1, 1
1, 1
1, 1
1, 1
1, 1
1, 1
1, 1
0.3333334, 0.3333334
1, 1
1, 1
1, 1
1, 1
1, 1
1, 1
1, 1
1, 1
1, 1
1, 1
1, 1
0.3333333, 0.3333333
1, 1
1, 1
1, 1
1, 1
1, 1
1, 1
0.4, 0.4
1, 1
1, 1
1, 1
0.3333333, 0.3333333
0, 0
1, 1
1, 1
1, 1
1, 1
1, 1
0.4, 0.4
1, 1
0.1666667, 0.1666667
1, 1
1, 1
1, 1
1, 1
1, 1
1, 1
0.2, 0.2
1, 1
1, 1
1, 1
1, 1
1, 1
1, 1
1, 1
1, 1
1, 1
1, 1
1, 1
1, 1
1, 1
1, 1
1, 1
1, 1
0.6666667, 0.6666667
-0.3333333, -0.3333333
1, 1
1, 1
1, 1
1, 1
1, 1
1, 1
1, 1
1, 1
1, 1
1, 1
1, 1
1, 1
1, 1
1, 1
1, 1
1, 1
1, 1
0, 0
1, 1
1, 1
1, 1
1, 1
0.6, 0.6
1, 1
1, 1
1, 1
1, 1
1, 1
1, 1
0.3333333, 0.3333333
1, 1
1, 1
1, 1
1, 1
0.3333333, 0.3333333
0.6666667, 0.6666667
-0.3333333, -0.3333333
1, 1
0.5, 0.5
1, 1
0.6666667, 0.6666667
1, 1
0.6, 0.6
0.3, 0.3
1, 1
1, 1
1, 1
1, 1
1, 1
1, 1
1, 1
0.5, 0.5
1, 1
1, 1
1, 1
1, 1
1, 1
1, 1
0.6666667, 0.6666667
1, 1
0.2, 0.2
1, 1
1, 1
0.6666667, 0.6666667
0, 0
1, 1
1, 1
0.6666667, 0.6666667
1, 1
1, 1
1, 1
0.5, 0.5
0.4, 0.4
1, 1
1, 1
1, 1
1, 1
1, 1
1, 1
1, 1
1, 1
1, 1
0.6666667, 0.6666667
1, 1
1, 1
1, 1
1, 1
1, 1
1, 1
1, 1
1, 1
1, 1
0.75, 0.75
0.6666667, 0.6666667
1, 1
1, 1
1, 1
1, 1
0.6666667, 0.6666667
1, 1
0.8, 0.8
1, 1
1, 1
1, 1
1, 1
0.5, 0.5
1, 1
1, 1
0.6666666, 0.6666666
-0.3333333, -0.3333333
1, 1
1, 1
1, 1
1, 1
1, 1
0, 0
1, 1
1, 1
1, 1
0.3, 0.3
1, 1
0.75, 0.75
0.4, 0.4
1, 1
1, 1
1, 1
1, 1
0.6666667, 0.6666667
1, 1
1, 1
1, 1
0.5, 0.5
1, 1
1, 1
1, 1
1, 1
1, 1
1, 1
1, 1
1, 1
1, 1
1, 1
1, 1
1, 1
1, 1
1, 1
1, 1
0.25, 0.25
1, 1
1, 1
1, 1
1, 1
1, 1
1, 1
1, 1
1, 1
1, 1
1, 1
1, 1
1, 1
0, 0
1, 1
1, 1
1, 1
1, 1
1, 1
1, 1
1, 1
1, 1
1, 1
1, 1
1, 1
1, 1
1, 1
1, 1
1, 1
1, 1
1, 1
1, 1
1, 1
1, 1
0.5, 0.5
1, 1
1, 1
1, 1
1, 1
1, 1
0.6, 0.6
1, 1
1, 1
1, 1
1, 1
1, 1
1, 1
1, 1
1, 1
1, 1
1, 1
1, 1
1, 1
1, 1
1, 1
1, 1
1, 1
1, 1
1, 1
1, 1
1, 1
0.6666667, 0.6666667
1, 1
1, 1
-0.6, -0.6
0.75, 0.75
1, 1
1, 1
0, 0
1, 1
1, 1
1, 1
1, 1
1, 1
1, 1
1, 1
0.5, 0.5
1, 1
1, 1
1, 1
0.6666666, 0.6666666
1, 1
1, 1
1, 1
1, 1
1, 1
0.5, 0.5
1, 1
1, 1
1, 1
0.6666667, 0.6666667
0.75, 0.75
1, 1
1, 1
1, 1
1, 1
1, 1
1, 1
1, 1
1, 1
1, 1
1, 1
1, 1
1, 1
1, 1
1, 1
0.625, 0.625
1, 1
1, 1
1, 1
1, 1
0.6666666, 0.6666666
0.4444444, 0.4444444
0.6, 0.6
1, 1
1, 1
1, 1
1, 1
1, 1
1, 1
1, 1
1, 1
1, 1
1, 1
